customerID,gender,SeniorCitizen,Partner,Dependents,tenure,PhoneService,MultipleLines,InternetService,OnlineSecurity,OnlineBackup,DeviceProtection,TechSupport,StreamingTV,StreamingMovies,Contract,PaperlessBilling,PaymentMethod,MonthlyCharges,TotalCharges,CustomerID,Churn_Prediction,Churn_Probability,Risk_Level,Key_Reasons,Retention_Suggestion
TEST0001,Male,0,Yes,No,21,Yes,Yes,Fiber optic,Yes,Yes,No,Yes,No,No,Month-to-month,No,Bank transfer (automatic),96.59,2021.97,TEST0001,No,24.07,Low,Contract_Month-to-month is higher than average; Contract_Two year is lower than average; InternetService_Fiber optic is higher than average,Encourage long-term contract
TEST0002,Male,0,Yes,No,14,Yes,Yes,Fiber optic,No,Yes,No,Yes,Yes,No,Two year,No,Electronic check,97.66,1357.71,TEST0002,No,18.98,Low,Contract_Two year is higher than average; Contract_Month-to-month is lower than average; InternetService_Fiber optic is higher than average,Encourage long-term contract
TEST0003,Male,0,No,No,4,Yes,Yes,Fiber optic,No,Yes,No,Yes,No,Yes,Month-to-month,No,Bank transfer (automatic),99.48,370.37,TEST0003,No,49.3,Medium,Contract_Month-to-month is higher than average; Contract_Two year is lower than average; InternetService_Fiber optic is higher than average,Encourage long-term contract
TEST0004,Female,0,Yes,No,7,Yes,Yes,DSL,No,Yes,No,Yes,No,No,Month-to-month,Yes,Credit card (automatic),65.12,469.81,TEST0004,No,31.52,Low,Contract_Month-to-month is higher than average; InternetService_DSL is higher than average; Contract_Two year is lower than average,Encourage long-term contract
TEST0005,Male,0,No,No,59,Yes,No,DSL,No,No,No,No,Yes,No,One year,No,Credit card (automatic),51.76,3065.6,TEST0005,No,2.84,Low,Contract_Month-to-month is lower than average; InternetService_DSL is higher than average; Contract_Two year is lower than average,Encourage long-term contract
TEST0006,Female,0,No,No,0,Yes,Yes,Fiber optic,Yes,No,No,Yes,Yes,No,Month-to-month,Yes,Electronic check,98.51,98.51,TEST0006,Yes,61.42,Medium,Contract_Month-to-month is higher than average; Contract_Two year is lower than average; InternetService_Fiber optic is higher than average,Encourage long-term contract
TEST0007,Female,0,Yes,No,51,Yes,Yes,Fiber optic,No,Yes,No,Yes,Yes,Yes,Month-to-month,Yes,Mailed check,106.63,5421.69,TEST0007,No,35.48,Low,Contract_Month-to-month is higher than average; Contract_Two year is lower than average; InternetService_Fiber optic is higher than average,Encourage long-term contract
TEST0008,Female,1,Yes,No,29,Yes,No,No,No internet service,No internet service,No internet service,No internet service,No internet service,No internet service,Month-to-month,Yes,Electronic check,28.66,832.04,TEST0008,No,14.47,Low,Contract_Month-to-month is higher than average; Contract_Two year is lower than average; SeniorCitizen is higher than average,Encourage long-term contract
TEST0009,Female,0,Yes,No,27,Yes,No,Fiber optic,No,Yes,Yes,Yes,No,No,Two year,Yes,Credit card (automatic),106.35,2864.81,TEST0009,No,10.06,Low,Contract_Two year is higher than average; Contract_Month-to-month is lower than average; InternetService_Fiber optic is higher than average,Encourage long-term contract
TEST0010,Male,0,Yes,No,27,Yes,No,DSL,No,Yes,No,No,No,Yes,Month-to-month,Yes,Credit card (automatic),62.51,1682.42,TEST0010,No,23.2,Low,Contract_Month-to-month is higher than average; InternetService_DSL is higher than average; Contract_Two year is lower than average,Encourage long-term contract
TEST0011,Female,0,No,No,7,No,No phone service,No,No internet service,No internet service,No internet service,No internet service,No internet service,No internet service,Month-to-month,No,Electronic check,22.22,170.01,TEST0011,No,34.83,Low,PhoneService_Yes is lower than average; Contract_Month-to-month is higher than average; Contract_Two year is lower than average,Contact customer proactively
TEST0012,Female,1,No,No,24,Yes,Yes,No,No internet service,No internet service,No internet service,No internet service,No internet service,No internet service,One year,Yes,Electronic check,20.74,500.38,TEST0012,No,11.36,Low,Contract_Month-to-month is lower than average; Contract_Two year is lower than average; SeniorCitizen is higher than average,Encourage long-term contract
TEST0013,Female,0,No,No,0,Yes,Yes,Fiber optic,No,No,Yes,No,No,No,Month-to-month,Yes,Credit card (automatic),80.63,80.63,TEST0013,Yes,66.58,Medium,Contract_Month-to-month is higher than average; Contract_Two year is lower than average; InternetService_Fiber optic is higher than average,Encourage long-term contract
TEST0014,Male,1,No,No,16,Yes,No,DSL,No,Yes,Yes,No,Yes,No,Two year,No,Mailed check,68.39,1093.15,TEST0014,No,7.44,Low,Contract_Two year is higher than average; Contract_Month-to-month is lower than average; InternetService_DSL is higher than average,Encourage long-term contract
TEST0015,Male,1,Yes,Yes,5,Yes,No,Fiber optic,No,No,No,Yes,Yes,No,Month-to-month,Yes,Electronic check,94.53,465.91,TEST0015,Yes,62.53,Medium,Contract_Month-to-month is higher than average; Contract_Two year is lower than average; InternetService_Fiber optic is higher than average,Encourage long-term contract
TEST0016,Male,0,Yes,Yes,39,Yes,No,No,No internet service,No internet service,No internet service,No internet service,No internet service,No internet service,Two year,Yes,Credit card (automatic),30.32,1197.3,TEST0016,No,1.16,Low,Contract_Two year is higher than average; Contract_Month-to-month is lower than average; PaymentMethod_Credit card (automatic) is higher than average,Encourage long-term contract
TEST0017,Female,0,No,Yes,20,Yes,No,DSL,Yes,No,No,No,Yes,Yes,Month-to-month,Yes,Electronic check,64.33,1298.25,TEST0017,No,31.41,Low,Contract_Month-to-month is higher than average; InternetService_DSL is higher than average; Contract_Two year is lower than average,Encourage long-term contract
TEST0018,Female,0,Yes,Yes,18,Yes,No,Fiber optic,No,No,Yes,No,Yes,Yes,Month-to-month,Yes,Credit card (automatic),98.52,1786.35,TEST0018,Yes,56.24,Medium,Contract_Month-to-month is higher than average; Contract_Two year is lower than average; InternetService_Fiber optic is higher than average,Encourage long-term contract
TEST0019,Male,0,No,No,6,Yes,Yes,No,No internet service,No internet service,No internet service,No internet service,No internet service,No internet service,Month-to-month,Yes,Bank transfer (automatic),31.62,182.78,TEST0019,No,26.63,Low,Contract_Month-to-month is higher than average; Contract_Two year is lower than average; InternetService_Fiber optic is lower than average,Encourage long-term contract
TEST0020,Male,0,Yes,No,0,Yes,Yes,DSL,No,No,No,Yes,No,No,Month-to-month,Yes,Mailed check,61.67,61.67,TEST0020,No,42.35,Medium,Contract_Month-to-month is higher than average; InternetService_DSL is higher than average; Contract_Two year is lower than average,Encourage long-term contract
TEST0021,Female,0,Yes,No,16,Yes,No,Fiber optic,No,No,No,No,No,No,One year,Yes,Credit card (automatic),85.29,1371.33,TEST0021,No,35.21,Low,Contract_Month-to-month is lower than average; Contract_Two year is lower than average; InternetService_Fiber optic is higher than average,Encourage long-term contract
TEST0022,Male,1,No,No,1,Yes,Yes,DSL,No,Yes,Yes,No,Yes,No,Month-to-month,Yes,Bank transfer (automatic),71.04,84.53,TEST0022,Yes,51.64,Medium,Contract_Month-to-month is higher than average; InternetService_DSL is higher than average; Contract_Two year is lower than average,Encourage long-term contract
TEST0023,Female,0,No,No,13,Yes,No,Fiber optic,Yes,Yes,No,No,No,Yes,One year,No,Electronic check,97.73,1279.98,TEST0023,No,29.84,Low,Contract_Month-to-month is lower than average; Contract_Two year is lower than average; InternetService_Fiber optic is higher than average,Encourage long-term contract
TEST0024,Female,0,Yes,No,11,Yes,No,DSL,Yes,No,No,No,No,Yes,Month-to-month,Yes,Bank transfer (automatic),51.98,583.34,TEST0024,No,32.28,Low,Contract_Month-to-month is higher than average; InternetService_DSL is higher than average; Contract_Two year is lower than average,Encourage long-term contract
TEST0025,Male,0,No,No,72,Yes,No,Fiber optic,No,No,No,No,No,No,One year,Yes,Mailed check,82.67,5928.52,TEST0025,No,7.85,Low,Contract_Month-to-month is lower than average; Contract_Two year is lower than average; InternetService_Fiber optic is higher than average,Encourage long-term contract
TEST0026,Female,0,Yes,No,70,No,No phone service,Fiber optic,No,Yes,No,No,Yes,No,Month-to-month,Yes,Electronic check,86.32,6032.16,TEST0026,No,35.36,Low,PhoneService_Yes is lower than average; Contract_Month-to-month is higher than average; Contract_Two year is lower than average,Contact customer proactively
TEST0027,Female,0,No,No,27,Yes,Yes,Fiber optic,Yes,No,No,No,No,No,Month-to-month,Yes,Credit card (automatic),85.31,2300.85,TEST0027,No,35.94,Low,Contract_Month-to-month is higher than average; Contract_Two year is lower than average; InternetService_Fiber optic is higher than average,Encourage long-term contract
TEST0028,Male,1,No,No,28,Yes,No,Fiber optic,No,Yes,Yes,No,No,No,One year,Yes,Electronic check,92.14,2548.06,TEST0028,No,32.61,Low,Contract_Month-to-month is lower than average; Contract_Two year is lower than average; InternetService_Fiber optic is higher than average,Encourage long-term contract
TEST0029,Female,0,Yes,Yes,14,Yes,Yes,Fiber optic,No,Yes,Yes,Yes,No,Yes,One year,No,Electronic check,99.9,1400.73,TEST0029,No,32.89,Low,Contract_Month-to-month is lower than average; Contract_Two year is lower than average; InternetService_Fiber optic is higher than average,Encourage long-term contract
TEST0030,Male,0,Yes,No,72,Yes,No,Fiber optic,No,No,No,No,Yes,Yes,Month-to-month,No,Credit card (automatic),95.15,6873.54,TEST0030,No,19.15,Low,Contract_Month-to-month is higher than average; Contract_Two year is lower than average; InternetService_Fiber optic is higher than average,Encourage long-term contract
TEST0031,Male,0,Yes,Yes,5,Yes,Yes,DSL,No,No,Yes,Yes,Yes,No,Month-to-month,No,Electronic check,67.75,330.3,TEST0031,No,36.71,Low,Contract_Month-to-month is higher than average; InternetService_DSL is higher than average; Contract_Two year is lower than average,Encourage long-term contract
TEST0032,Male,0,No,No,5,Yes,Yes,Fiber optic,No,Yes,No,No,Yes,No,One year,Yes,Bank transfer (automatic),101.16,480.25,TEST0032,No,47.75,Medium,Contract_Month-to-month is lower than average; Contract_Two year is lower than average; InternetService_Fiber optic is higher than average,Encourage long-term contract
TEST0033,Female,0,No,No,5,Yes,Yes,Fiber optic,No,No,No,No,Yes,No,Month-to-month,No,Mailed check,85.28,427.54,TEST0033,Yes,60.4,Medium,Contract_Month-to-month is higher than average; Contract_Two year is lower than average; InternetService_Fiber optic is higher than average,Encourage long-term contract
TEST0034,Male,0,Yes,Yes,4,Yes,Yes,Fiber optic,Yes,Yes,No,No,Yes,No,Month-to-month,Yes,Credit card (automatic),97.91,404.41,TEST0034,No,48.63,Medium,Contract_Month-to-month is higher than average; Contract_Two year is lower than average; InternetService_Fiber optic is higher than average,Encourage long-term contract
TEST0035,Male,0,No,No,61,Yes,No,Fiber optic,No,Yes,Yes,Yes,No,No,Two year,Yes,Credit card (automatic),94.02,5717.67,TEST0035,No,3.38,Low,Contract_Two year is higher than average; Contract_Month-to-month is lower than average; InternetService_Fiber optic is higher than average,Encourage long-term contract
TEST0036,Female,0,Yes,Yes,9,Yes,Yes,DSL,No,No,No,No,No,Yes,Month-to-month,Yes,Bank transfer (automatic),48.86,424.18,TEST0036,No,46.38,Medium,Contract_Month-to-month is higher than average; InternetService_DSL is higher than average; Contract_Two year is lower than average,Encourage long-term contract
TEST0037,Male,0,No,No,6,Yes,Yes,No,No internet service,No internet service,No internet service,No internet service,No internet service,No internet service,Month-to-month,Yes,Mailed check,24.24,163.27,TEST0037,No,25.83,Low,Contract_Month-to-month is higher than average; Contract_Two year is lower than average; InternetService_Fiber optic is lower than average,Encourage long-term contract
TEST0038,Female,0,Yes,No,2,Yes,Yes,No,No internet service,No internet service,No internet service,No internet service,No internet service,No internet service,Month-to-month,Yes,Credit card (automatic),24.83,53.22,TEST0038,No,31.02,Low,Contract_Month-to-month is higher than average; Contract_Two year is lower than average; PaymentMethod_Credit card (automatic) is higher than average,Encourage long-term contract
TEST0039,Male,0,No,No,30,Yes,No,No,No internet service,No internet service,No internet service,No internet service,No internet service,No internet service,Month-to-month,No,Bank transfer (automatic),26.09,792.31,TEST0039,No,5.92,Low,Contract_Month-to-month is higher than average; Contract_Two year is lower than average; InternetService_Fiber optic is lower than average,Encourage long-term contract
TEST0040,Female,0,No,No,20,Yes,No,Fiber optic,Yes,Yes,Yes,Yes,No,Yes,Two year,Yes,Bank transfer (automatic),104.24,2092.75,TEST0040,No,10.01,Low,Contract_Two year is higher than average; Contract_Month-to-month is lower than average; InternetService_Fiber optic is higher than average,Encourage long-term contract
TEST0041,Female,0,No,Yes,45,Yes,Yes,No,No internet service,No internet service,No internet service,No internet service,No internet service,No internet service,Two year,Yes,Mailed check,30.77,1387.4,TEST0041,No,1.16,Low,Contract_Two year is higher than average; Contract_Month-to-month is lower than average; InternetService_Fiber optic is lower than average,Encourage long-term contract
TEST0042,Female,1,Yes,No,5,Yes,Yes,No,No internet service,No internet service,No internet service,No internet service,No internet service,No internet service,Month-to-month,Yes,Mailed check,26.41,128.0,TEST0042,No,32.2,Low,Contract_Month-to-month is higher than average; Contract_Two year is lower than average; SeniorCitizen is higher than average,Encourage long-term contract
TEST0043,Female,0,No,No,23,Yes,No,Fiber optic,No,Yes,No,Yes,Yes,No,Month-to-month,Yes,Bank transfer (automatic),100.29,2293.44,TEST0043,No,38.38,Low,Contract_Month-to-month is higher than average; Contract_Two year is lower than average; InternetService_Fiber optic is higher than average,Encourage long-term contract
TEST0044,Male,0,No,No,37,Yes,Yes,DSL,No,Yes,No,No,No,Yes,Two year,Yes,Credit card (automatic),63.05,2328.8,TEST0044,No,5.65,Low,Contract_Two year is higher than average; Contract_Month-to-month is lower than average; InternetService_DSL is higher than average,Encourage long-term contract
TEST0045,Male,0,No,No,35,Yes,No,Fiber optic,No,No,No,No,Yes,Yes,Month-to-month,Yes,Bank transfer (automatic),87.08,3043.77,TEST0045,No,46.5,Medium,Contract_Month-to-month is higher than average; Contract_Two year is lower than average; InternetService_Fiber optic is higher than average,Encourage long-term contract
TEST0046,Female,1,No,No,28,No,No phone service,Fiber optic,Yes,No,No,No,No,No,Two year,Yes,Electronic check,78.74,2205.56,TEST0046,No,24.59,Low,Contract_Two year is higher than average; Contract_Month-to-month is lower than average; PhoneService_Yes is lower than average,Encourage long-term contract
TEST0047,Female,0,Yes,No,5,Yes,No,DSL,No,No,No,No,No,No,Month-to-month,Yes,Credit card (automatic),54.38,278.98,TEST0047,No,40.61,Medium,Contract_Month-to-month is higher than average; InternetService_DSL is higher than average; Contract_Two year is lower than average,Encourage long-term contract
TEST0048,Female,0,No,No,20,Yes,Yes,Fiber optic,Yes,No,Yes,No,Yes,No,One year,No,Electronic check,90.38,1795.86,TEST0048,No,30.86,Low,Contract_Month-to-month is lower than average; Contract_Two year is lower than average; InternetService_Fiber optic is higher than average,Encourage long-term contract
TEST0049,Male,0,Yes,No,11,Yes,No,DSL,No,No,No,No,No,No,Month-to-month,Yes,Electronic check,52.7,567.27,TEST0049,No,43.02,Medium,Contract_Month-to-month is higher than average; InternetService_DSL is higher than average; Contract_Two year is lower than average,Encourage long-term contract
TEST0050,Male,0,Yes,Yes,4,Yes,No,DSL,Yes,Yes,No,Yes,Yes,No,Month-to-month,No,Electronic check,75.69,299.16,TEST0050,No,20.67,Low,Contract_Month-to-month is higher than average; InternetService_DSL is higher than average; Contract_Two year is lower than average,Encourage long-term contract
TEST0051,Female,0,No,No,69,Yes,Yes,DSL,Yes,No,No,No,Yes,No,Two year,No,Credit card (automatic),59.5,4083.02,TEST0051,No,0.86,Low,Contract_Two year is higher than average; Contract_Month-to-month is lower than average; InternetService_DSL is higher than average,Encourage long-term contract
TEST0052,Male,0,No,No,23,Yes,No,Fiber optic,Yes,No,No,Yes,No,No,Two year,No,Mailed check,95.56,2230.21,TEST0052,No,5.95,Low,Contract_Two year is higher than average; Contract_Month-to-month is lower than average; InternetService_Fiber optic is higher than average,Encourage long-term contract
TEST0053,Male,0,No,No,3,No,No phone service,Fiber optic,No,No,No,No,No,Yes,Month-to-month,Yes,Bank transfer (automatic),83.19,236.09,TEST0053,Yes,78.8,High,PhoneService_Yes is lower than average; Contract_Month-to-month is higher than average; Contract_Two year is lower than average,Contact customer proactively
TEST0054,Male,0,No,No,4,No,No phone service,Fiber optic,No,No,Yes,Yes,No,Yes,Month-to-month,Yes,Mailed check,87.86,337.59,TEST0054,Yes,69.53,Medium,PhoneService_Yes is lower than average; Contract_Month-to-month is higher than average; Contract_Two year is lower than average,Contact customer proactively
TEST0055,Male,0,No,No,12,No,No phone service,DSL,No,Yes,No,Yes,No,No,Two year,Yes,Bank transfer (automatic),50.59,575.29,TEST0055,No,11.24,Low,Contract_Two year is higher than average; Contract_Month-to-month is lower than average; PhoneService_Yes is lower than average,Encourage long-term contract
TEST0056,Female,0,No,No,13,Yes,No,No,No internet service,No internet service,No internet service,No internet service,No internet service,No internet service,One year,Yes,Bank transfer (automatic),23.6,295.89,TEST0056,No,9.91,Low,Contract_Month-to-month is lower than average; Contract_Two year is lower than average; InternetService_Fiber optic is lower than average,Encourage long-term contract
TEST0057,Male,1,No,No,17,Yes,No,Fiber optic,No,No,No,No,No,No,One year,No,Electronic check,79.01,1338.51,TEST0057,No,36.47,Low,Contract_Month-to-month is lower than average; Contract_Two year is lower than average; InternetService_Fiber optic is higher than average,Encourage long-term contract
TEST0058,Female,1,Yes,No,59,Yes,No,DSL,No,No,No,No,No,No,One year,No,Electronic check,50.46,2956.06,TEST0058,No,4.49,Low,Contract_Month-to-month is lower than average; InternetService_DSL is higher than average; Contract_Two year is lower than average,Encourage long-term contract
TEST0059,Female,0,No,No,13,Yes,No,No,No internet service,No internet service,No internet service,No internet service,No internet service,No internet service,One year,No,Bank transfer (automatic),27.0,311.29,TEST0059,No,7.31,Low,Contract_Month-to-month is lower than average; Contract_Two year is lower than average; InternetService_Fiber optic is lower than average,Encourage long-term contract
TEST0060,Female,0,Yes,No,0,Yes,No,No,No internet service,No internet service,No internet service,No internet service,No internet service,No internet service,One year,No,Mailed check,27.92,27.92,TEST0060,No,13.36,Low,Contract_Month-to-month is lower than average; Contract_Two year is lower than average; InternetService_Fiber optic is lower than average,Encourage long-term contract
TEST0061,Female,0,Yes,No,20,Yes,Yes,DSL,Yes,No,No,Yes,No,Yes,Two year,No,Bank transfer (automatic),68.34,1363.05,TEST0061,No,5.1,Low,Contract_Two year is higher than average; Contract_Month-to-month is lower than average; InternetService_DSL is higher than average,Encourage long-term contract
TEST0062,Male,0,Yes,No,5,No,No phone service,Fiber optic,Yes,No,No,No,No,No,Month-to-month,No,Electronic check,81.17,413.24,TEST0062,Yes,64.07,Medium,PhoneService_Yes is lower than average; Contract_Month-to-month is higher than average; Contract_Two year is lower than average,Contact customer proactively
TEST0063,Male,0,Yes,Yes,11,Yes,No,No,No internet service,No internet service,No internet service,No internet service,No internet service,No internet service,One year,No,Electronic check,35.01,392.15,TEST0063,No,9.59,Low,Contract_Month-to-month is lower than average; Contract_Two year is lower than average; PaymentMethod_Electronic check is higher than average,Encourage long-term contract
TEST0064,Male,0,Yes,No,28,Yes,No,DSL,Yes,No,No,No,Yes,No,Month-to-month,Yes,Credit card (automatic),63.17,1785.01,TEST0064,No,17.06,Low,Contract_Month-to-month is higher than average; InternetService_DSL is higher than average; Contract_Two year is lower than average,Encourage long-term contract
TEST0065,Male,0,Yes,Yes,0,Yes,Yes,Fiber optic,No,Yes,No,No,Yes,No,Month-to-month,No,Bank transfer (automatic),93.18,93.18,TEST0065,Yes,57.0,Medium,Contract_Month-to-month is higher than average; Contract_Two year is lower than average; InternetService_Fiber optic is higher than average,Encourage long-term contract
TEST0066,Male,0,No,No,25,Yes,No,Fiber optic,No,No,No,No,No,Yes,Two year,No,Electronic check,93.57,2336.74,TEST0066,No,19.9,Low,Contract_Two year is higher than average; Contract_Month-to-month is lower than average; InternetService_Fiber optic is higher than average,Encourage long-term contract
TEST0067,Male,0,No,Yes,19,Yes,Yes,DSL,Yes,Yes,No,Yes,Yes,Yes,Two year,Yes,Electronic check,78.09,1483.01,TEST0067,No,7.66,Low,Contract_Two year is higher than average; Contract_Month-to-month is lower than average; InternetService_DSL is higher than average,Encourage long-term contract
TEST0068,Female,0,No,No,2,No,No phone service,Fiber optic,Yes,Yes,No,Yes,No,Yes,Month-to-month,Yes,Credit card (automatic),95.68,182.98,TEST0068,Yes,57.15,Medium,PhoneService_Yes is lower than average; Contract_Month-to-month is higher than average; Contract_Two year is lower than average,Contact customer proactively
TEST0069,Male,0,Yes,No,11,Yes,Yes,DSL,Yes,No,No,Yes,No,No,One year,Yes,Credit card (automatic),62.51,676.76,TEST0069,No,13.08,Low,Contract_Month-to-month is lower than average; InternetService_DSL is higher than average; Contract_Two year is lower than average,Encourage long-term contract
TEST0070,Male,0,No,No,13,No,No phone service,Fiber optic,No,Yes,Yes,No,Yes,No,Month-to-month,Yes,Electronic check,94.42,1208.69,TEST0070,Yes,73.28,High,PhoneService_Yes is lower than average; Contract_Month-to-month is higher than average; Contract_Two year is lower than average,Contact customer proactively
TEST0071,Male,0,No,No,5,Yes,Yes,Fiber optic,No,Yes,No,Yes,No,No,Month-to-month,Yes,Electronic check,96.78,508.47,TEST0071,Yes,58.79,Medium,Contract_Month-to-month is higher than average; Contract_Two year is lower than average; InternetService_Fiber optic is higher than average,Encourage long-term contract
TEST0072,Female,0,Yes,No,1,Yes,Yes,No,No internet service,No internet service,No internet service,No internet service,No internet service,No internet service,Month-to-month,Yes,Electronic check,31.0,31.0,TEST0072,No,41.37,Medium,Contract_Month-to-month is higher than average; Contract_Two year is lower than average; PaymentMethod_Electronic check is higher than average,Encourage long-term contract
TEST0073,Female,1,No,No,33,No,No phone service,No,No internet service,No internet service,No internet service,No internet service,No internet service,No internet service,One year,No,Electronic check,18.0,596.44,TEST0073,No,7.84,Low,Contract_Month-to-month is lower than average; PhoneService_Yes is lower than average; Contract_Two year is lower than average,Encourage long-term contract
TEST0074,Male,0,No,No,19,Yes,Yes,Fiber optic,Yes,Yes,Yes,Yes,Yes,Yes,One year,No,Credit card (automatic),109.35,2070.25,TEST0074,No,19.15,Low,Contract_Month-to-month is lower than average; Contract_Two year is lower than average; InternetService_Fiber optic is higher than average,Encourage long-term contract
TEST0075,Male,1,Yes,No,21,Yes,No,DSL,No,No,No,No,No,No,One year,Yes,Bank transfer (automatic),48.22,1011.11,TEST0075,No,17.93,Low,Contract_Month-to-month is lower than average; InternetService_DSL is higher than average; Contract_Two year is lower than average,Encourage long-term contract
TEST0076,Male,0,No,Yes,1,Yes,Yes,No,No internet service,No internet service,No internet service,No internet service,No internet service,No internet service,Month-to-month,No,Electronic check,30.99,38.83,TEST0076,No,27.85,Low,Contract_Month-to-month is higher than average; Contract_Two year is lower than average; PaymentMethod_Electronic check is higher than average,Encourage long-term contract
TEST0077,Male,0,Yes,Yes,25,Yes,No,Fiber optic,Yes,No,Yes,No,Yes,No,Month-to-month,No,Mailed check,94.21,2361.0,TEST0077,No,26.36,Low,Contract_Month-to-month is higher than average; Contract_Two year is lower than average; InternetService_Fiber optic is higher than average,Encourage long-term contract
TEST0078,Female,0,No,Yes,48,Yes,No,Fiber optic,No,No,No,No,Yes,No,Two year,Yes,Bank transfer (automatic),89.63,4322.89,TEST0078,No,9.19,Low,Contract_Two year is higher than average; Contract_Month-to-month is lower than average; InternetService_Fiber optic is higher than average,Encourage long-term contract
TEST0079,Male,0,Yes,No,24,Yes,No,Fiber optic,Yes,No,Yes,No,No,No,One year,Yes,Bank transfer (automatic),94.11,2245.53,TEST0079,No,21.89,Low,Contract_Month-to-month is lower than average; Contract_Two year is lower than average; InternetService_Fiber optic is higher than average,Encourage long-term contract
TEST0080,Male,0,Yes,No,3,No,No phone service,Fiber optic,Yes,Yes,Yes,No,Yes,No,Month-to-month,Yes,Bank transfer (automatic),90.5,258.92,TEST0080,Yes,63.84,Medium,PhoneService_Yes is lower than average; Contract_Month-to-month is higher than average; Contract_Two year is lower than average,Contact customer proactively
TEST0081,Female,0,No,No,18,Yes,No,Fiber optic,No,No,No,Yes,No,Yes,Month-to-month,Yes,Bank transfer (automatic),93.08,1666.08,TEST0081,No,48.07,Medium,Contract_Month-to-month is higher than average; Contract_Two year is lower than average; InternetService_Fiber optic is higher than average,Encourage long-term contract
TEST0082,Male,0,No,Yes,3,No,No phone service,No,No internet service,No internet service,No internet service,No internet service,No internet service,No internet service,Month-to-month,No,Bank transfer (automatic),18.0,52.0,TEST0082,No,27.54,Low,PhoneService_Yes is lower than average; Contract_Month-to-month is higher than average; Contract_Two year is lower than average,Contact customer proactively
TEST0083,Male,0,Yes,No,3,Yes,Yes,No,No internet service,No internet service,No internet service,No internet service,No internet service,No internet service,Month-to-month,Yes,Electronic check,29.34,77.21,TEST0083,No,37.78,Low,Contract_Month-to-month is higher than average; Contract_Two year is lower than average; PaymentMethod_Electronic check is higher than average,Encourage long-term contract
TEST0084,Female,1,Yes,No,43,No,No phone service,Fiber optic,No,No,No,No,Yes,No,Two year,No,Electronic check,82.44,3528.58,TEST0084,No,22.45,Low,Contract_Two year is higher than average; Contract_Month-to-month is lower than average; PhoneService_Yes is lower than average,Encourage long-term contract
TEST0085,Male,0,Yes,Yes,22,Yes,No,No,No internet service,No internet service,No internet service,No internet service,No internet service,No internet service,Two year,Yes,Electronic check,31.52,697.98,TEST0085,No,3.83,Low,Contract_Two year is higher than average; Contract_Month-to-month is lower than average; PaymentMethod_Electronic check is higher than average,Encourage long-term contract
TEST0086,Female,0,No,No,34,Yes,No,No,No internet service,No internet service,No internet service,No internet service,No internet service,No internet service,Month-to-month,Yes,Electronic check,21.86,726.8,TEST0086,No,9.07,Low,Contract_Month-to-month is higher than average; Contract_Two year is lower than average; PaymentMethod_Electronic check is higher than average,Encourage long-term contract
TEST0087,Male,0,Yes,No,21,Yes,No,DSL,No,Yes,No,No,No,No,Two year,No,Credit card (automatic),49.74,1045.88,TEST0087,No,4.43,Low,Contract_Two year is higher than average; Contract_Month-to-month is lower than average; InternetService_DSL is higher than average,Encourage long-term contract
TEST0088,Male,0,No,No,40,Yes,No,DSL,Yes,Yes,No,No,Yes,No,Month-to-month,No,Mailed check,61.77,2470.29,TEST0088,No,6.91,Low,Contract_Month-to-month is higher than average; InternetService_DSL is higher than average; Contract_Two year is lower than average,Encourage long-term contract
TEST0089,Female,0,No,No,18,Yes,Yes,Fiber optic,No,No,No,No,Yes,No,Two year,Yes,Electronic check,81.7,1462.1,TEST0089,No,32.4,Low,Contract_Two year is higher than average; Contract_Month-to-month is lower than average; InternetService_Fiber optic is higher than average,Encourage long-term contract
TEST0090,Female,1,No,No,19,Yes,No,No,No internet service,No internet service,No internet service,No internet service,No internet service,No internet service,One year,No,Credit card (automatic),27.11,504.56,TEST0090,No,6.02,Low,Contract_Month-to-month is lower than average; Contract_Two year is lower than average; SeniorCitizen is higher than average,Encourage long-term contract
TEST0091,Female,0,Yes,No,35,Yes,Yes,DSL,No,No,No,No,No,Yes,Month-to-month,Yes,Electronic check,52.85,1848.55,TEST0091,No,33.0,Low,Contract_Month-to-month is higher than average; InternetService_DSL is higher than average; Contract_Two year is lower than average,Encourage long-term contract
TEST0092,Male,0,Yes,No,22,Yes,Yes,Fiber optic,No,No,No,Yes,No,Yes,Month-to-month,No,Bank transfer (automatic),95.37,2102.68,TEST0092,No,43.37,Medium,Contract_Month-to-month is higher than average; Contract_Two year is lower than average; InternetService_Fiber optic is higher than average,Encourage long-term contract
TEST0093,Female,1,No,No,24,Yes,Yes,Fiber optic,Yes,No,No,No,No,Yes,One year,Yes,Bank transfer (automatic),88.86,2116.21,TEST0093,No,35.19,Low,Contract_Month-to-month is lower than average; Contract_Two year is lower than average; InternetService_Fiber optic is higher than average,Encourage long-term contract
TEST0094,Female,0,No,No,26,Yes,No,Fiber optic,Yes,No,No,Yes,No,Yes,One year,Yes,Mailed check,99.43,2574.15,TEST0094,No,19.82,Low,Contract_Month-to-month is lower than average; Contract_Two year is lower than average; InternetService_Fiber optic is higher than average,Encourage long-term contract
TEST0095,Female,1,Yes,No,3,No,No phone service,DSL,No,No,Yes,No,Yes,Yes,One year,No,Bank transfer (automatic),66.44,180.75,TEST0095,No,49.34,Medium,Contract_Month-to-month is lower than average; PhoneService_Yes is lower than average; InternetService_DSL is higher than average,Encourage long-term contract
TEST0096,Male,0,Yes,Yes,10,Yes,No,Fiber optic,Yes,Yes,No,No,No,No,Month-to-month,No,Credit card (automatic),91.1,912.23,TEST0096,No,27.51,Low,Contract_Month-to-month is higher than average; Contract_Two year is lower than average; InternetService_Fiber optic is higher than average,Encourage long-term contract
TEST0097,Male,0,No,No,3,Yes,No,DSL,Yes,Yes,Yes,No,No,No,Month-to-month,Yes,Electronic check,66.1,182.95,TEST0097,No,33.07,Low,Contract_Month-to-month is higher than average; InternetService_DSL is higher than average; Contract_Two year is lower than average,Encourage long-term contract
TEST0098,Female,0,Yes,No,12,Yes,Yes,DSL,Yes,Yes,No,No,No,Yes,Month-to-month,Yes,Mailed check,67.71,816.77,TEST0098,No,32.47,Low,Contract_Month-to-month is higher than average; InternetService_DSL is higher than average; Contract_Two year is lower than average,Encourage long-term contract
TEST0099,Male,0,No,No,11,Yes,Yes,DSL,No,No,No,Yes,Yes,Yes,Month-to-month,No,Electronic check,63.33,704.86,TEST0099,No,41.21,Medium,Contract_Month-to-month is higher than average; InternetService_DSL is higher than average; Contract_Two year is lower than average,Encourage long-term contract
TEST0100,Male,0,No,No,22,Yes,No,Fiber optic,No,Yes,No,No,Yes,Yes,Month-to-month,No,Bank transfer (automatic),92.81,2033.17,TEST0100,No,43.87,Medium,Contract_Month-to-month is higher than average; Contract_Two year is lower than average; InternetService_Fiber optic is higher than average,Encourage long-term contract
TEST0101,Female,0,No,No,5,Yes,Yes,No,No internet service,No internet service,No internet service,No internet service,No internet service,No internet service,Month-to-month,Yes,Electronic check,18.0,88.16,TEST0101,No,35.23,Low,Contract_Month-to-month is higher than average; Contract_Two year is lower than average; PaymentMethod_Electronic check is higher than average,Encourage long-term contract
TEST0102,Male,0,Yes,No,2,Yes,Yes,DSL,No,No,Yes,No,No,No,One year,No,Bank transfer (automatic),53.76,124.65,TEST0102,No,26.56,Low,Contract_Month-to-month is lower than average; InternetService_DSL is higher than average; Contract_Two year is lower than average,Encourage long-term contract
TEST0103,Female,0,Yes,No,7,Yes,No,Fiber optic,No,No,Yes,No,No,No,Month-to-month,No,Mailed check,81.02,579.04,TEST0103,No,49.23,Medium,Contract_Month-to-month is higher than average; Contract_Two year is lower than average; InternetService_Fiber optic is higher than average,Encourage long-term contract
TEST0104,Male,0,Yes,No,32,Yes,Yes,DSL,No,No,Yes,Yes,Yes,No,Two year,Yes,Electronic check,71.41,2300.06,TEST0104,No,8.23,Low,Contract_Two year is higher than average; Contract_Month-to-month is lower than average; InternetService_DSL is higher than average,Encourage long-term contract
TEST0105,Male,1,No,Yes,7,Yes,Yes,No,No internet service,No internet service,No internet service,No internet service,No internet service,No internet service,Month-to-month,No,Electronic check,21.97,152.69,TEST0105,No,25.04,Low,Contract_Month-to-month is higher than average; Contract_Two year is lower than average; SeniorCitizen is higher than average,Encourage long-term contract
TEST0106,Female,0,No,No,40,Yes,Yes,DSL,No,Yes,Yes,No,Yes,No,Two year,Yes,Electronic check,62.23,2492.36,TEST0106,No,6.71,Low,Contract_Two year is higher than average; Contract_Month-to-month is lower than average; InternetService_DSL is higher than average,Encourage long-term contract
TEST0107,Female,1,No,No,50,Yes,No,Fiber optic,Yes,No,No,No,Yes,Yes,One year,No,Electronic check,95.84,4817.95,TEST0107,No,20.38,Low,Contract_Month-to-month is lower than average; Contract_Two year is lower than average; InternetService_Fiber optic is higher than average,Encourage long-term contract
TEST0108,Female,0,No,No,5,Yes,No,Fiber optic,No,No,No,Yes,No,No,One year,No,Bank transfer (automatic),86.7,431.42,TEST0108,No,27.79,Low,Contract_Month-to-month is lower than average; Contract_Two year is lower than average; InternetService_Fiber optic is higher than average,Encourage long-term contract
TEST0109,Female,0,No,No,7,Yes,No,Fiber optic,Yes,No,No,No,No,Yes,Month-to-month,Yes,Credit card (automatic),86.1,607.39,TEST0109,Yes,51.59,Medium,Contract_Month-to-month is higher than average; Contract_Two year is lower than average; InternetService_Fiber optic is higher than average,Encourage long-term contract
TEST0110,Female,0,No,No,9,Yes,Yes,No,No internet service,No internet service,No internet service,No internet service,No internet service,No internet service,Two year,Yes,Mailed check,26.28,245.36,TEST0110,No,7.04,Low,Contract_Two year is higher than average; Contract_Month-to-month is lower than average; InternetService_Fiber optic is lower than average,Encourage long-term contract
TEST0111,Male,0,No,Yes,4,Yes,Yes,DSL,No,No,No,No,No,Yes,Month-to-month,No,Electronic check,56.85,265.09,TEST0111,No,49.14,Medium,Contract_Month-to-month is higher than average; InternetService_DSL is higher than average; Contract_Two year is lower than average,Encourage long-term contract
TEST0112,Male,0,No,No,1,Yes,Yes,Fiber optic,No,No,No,No,Yes,Yes,Month-to-month,Yes,Electronic check,89.64,112.34,TEST0112,Yes,81.07,High,Contract_Month-to-month is higher than average; Contract_Two year is lower than average; InternetService_Fiber optic is higher than average,Encourage long-term contract
TEST0113,Male,0,Yes,Yes,24,Yes,Yes,Fiber optic,No,No,No,No,Yes,No,Two year,Yes,Bank transfer (automatic),88.02,2137.78,TEST0113,No,20.56,Low,Contract_Two year is higher than average; Contract_Month-to-month is lower than average; InternetService_Fiber optic is higher than average,Encourage long-term contract
TEST0114,Female,0,Yes,No,7,Yes,No,No,No internet service,No internet service,No internet service,No internet service,No internet service,No internet service,Month-to-month,No,Mailed check,31.7,205.23,TEST0114,No,17.23,Low,Contract_Month-to-month is higher than average; Contract_Two year is lower than average; InternetService_Fiber optic is lower than average,Encourage long-term contract
TEST0115,Female,0,No,No,36,Yes,Yes,DSL,Yes,Yes,No,No,Yes,Yes,Month-to-month,Yes,Electronic check,71.79,2597.73,TEST0115,No,25.07,Low,Contract_Month-to-month is higher than average; InternetService_DSL is higher than average; Contract_Two year is lower than average,Encourage long-term contract
TEST0116,Female,0,No,No,35,Yes,No,DSL,Yes,No,Yes,No,Yes,Yes,Two year,Yes,Bank transfer (automatic),69.23,2424.05,TEST0116,No,5.09,Low,Contract_Two year is higher than average; Contract_Month-to-month is lower than average; InternetService_DSL is higher than average,Encourage long-term contract
TEST0117,Male,0,No,No,23,Yes,No,DSL,No,Yes,Yes,Yes,No,No,Month-to-month,Yes,Bank transfer (automatic),68.56,1564.53,TEST0117,No,15.96,Low,Contract_Month-to-month is higher than average; InternetService_DSL is higher than average; Contract_Two year is lower than average,Encourage long-term contract
TEST0118,Female,0,No,Yes,47,Yes,Yes,Fiber optic,No,Yes,No,No,Yes,No,Two year,No,Mailed check,90.34,4272.53,TEST0118,No,7.01,Low,Contract_Two year is higher than average; Contract_Month-to-month is lower than average; InternetService_Fiber optic is higher than average,Encourage long-term contract
TEST0119,Female,0,No,Yes,10,No,No phone service,No,No internet service,No internet service,No internet service,No internet service,No internet service,No internet service,Month-to-month,Yes,Credit card (automatic),18.0,203.74,TEST0119,No,26.59,Low,PhoneService_Yes is lower than average; Contract_Month-to-month is higher than average; Contract_Two year is lower than average,Contact customer proactively
TEST0120,Female,0,Yes,No,50,Yes,Yes,Fiber optic,No,No,Yes,Yes,No,No,Two year,Yes,Electronic check,92.1,4620.58,TEST0120,No,10.74,Low,Contract_Two year is higher than average; Contract_Month-to-month is lower than average; InternetService_Fiber optic is higher than average,Encourage long-term contract
TEST0121,Female,0,Yes,Yes,4,Yes,Yes,Fiber optic,Yes,Yes,No,Yes,No,No,Month-to-month,Yes,Electronic check,98.52,370.59,TEST0121,No,46.42,Medium,Contract_Month-to-month is higher than average; Contract_Two year is lower than average; InternetService_Fiber optic is higher than average,Encourage long-term contract
TEST0122,Male,0,No,No,5,Yes,No,Fiber optic,Yes,No,No,Yes,No,No,Month-to-month,No,Mailed check,96.19,465.01,TEST0122,No,30.02,Low,Contract_Month-to-month is higher than average; Contract_Two year is lower than average; InternetService_Fiber optic is higher than average,Encourage long-term contract
TEST0123,Female,1,No,No,27,Yes,Yes,No,No internet service,No internet service,No internet service,No internet service,No internet service,No internet service,Month-to-month,Yes,Credit card (automatic),26.71,702.29,TEST0123,No,12.76,Low,Contract_Month-to-month is higher than average; Contract_Two year is lower than average; SeniorCitizen is higher than average,Encourage long-term contract
TEST0124,Female,0,No,No,15,Yes,No,Fiber optic,No,No,Yes,Yes,No,No,Month-to-month,Yes,Electronic check,86.96,1294.46,TEST0124,No,49.88,Medium,Contract_Month-to-month is higher than average; Contract_Two year is lower than average; InternetService_Fiber optic is higher than average,Encourage long-term contract
TEST0125,Female,0,Yes,No,32,Yes,No,DSL,Yes,No,Yes,Yes,Yes,No,Month-to-month,No,Credit card (automatic),63.88,2057.18,TEST0125,No,8.06,Low,Contract_Month-to-month is higher than average; InternetService_DSL is higher than average; Contract_Two year is lower than average,Encourage long-term contract
TEST0126,Male,0,Yes,Yes,8,Yes,No,No,No internet service,No internet service,No internet service,No internet service,No internet service,No internet service,One year,No,Bank transfer (automatic),23.49,194.07,TEST0126,No,7.95,Low,Contract_Month-to-month is lower than average; Contract_Two year is lower than average; InternetService_Fiber optic is lower than average,Encourage long-term contract
TEST0127,Male,0,Yes,No,11,Yes,Yes,DSL,No,No,No,Yes,Yes,Yes,Two year,Yes,Bank transfer (automatic),65.53,733.48,TEST0127,No,15.37,Low,Contract_Two year is higher than average; Contract_Month-to-month is lower than average; InternetService_DSL is higher than average,Encourage long-term contract
TEST0128,Male,1,No,No,42,Yes,No,DSL,No,No,Yes,Yes,Yes,No,One year,No,Electronic check,68.48,2891.91,TEST0128,No,7.69,Low,Contract_Month-to-month is lower than average; InternetService_DSL is higher than average; Contract_Two year is lower than average,Encourage long-term contract
TEST0129,Female,0,No,No,9,Yes,No,Fiber optic,No,No,Yes,No,Yes,No,Month-to-month,No,Electronic check,87.54,786.91,TEST0129,Yes,59.31,Medium,Contract_Month-to-month is higher than average; Contract_Two year is lower than average; InternetService_Fiber optic is higher than average,Encourage long-term contract
TEST0130,Male,0,No,No,42,Yes,No,Fiber optic,No,Yes,No,No,No,No,One year,No,Bank transfer (automatic),79.41,3359.82,TEST0130,No,11.54,Low,Contract_Month-to-month is lower than average; Contract_Two year is lower than average; InternetService_Fiber optic is higher than average,Encourage long-term contract
TEST0131,Female,0,Yes,Yes,37,No,No phone service,DSL,Yes,No,No,Yes,Yes,No,Month-to-month,Yes,Bank transfer (automatic),64.47,2382.46,TEST0131,No,15.85,Low,PhoneService_Yes is lower than average; Contract_Month-to-month is higher than average; InternetService_DSL is higher than average,Contact customer proactively
TEST0132,Female,1,Yes,No,5,Yes,Yes,DSL,No,Yes,Yes,Yes,Yes,Yes,Month-to-month,No,Bank transfer (automatic),78.72,365.47,TEST0132,No,39.54,Low,Contract_Month-to-month is higher than average; InternetService_DSL is higher than average; Contract_Two year is lower than average,Encourage long-term contract
TEST0133,Female,0,No,No,40,Yes,No,Fiber optic,Yes,No,Yes,No,No,Yes,One year,No,Credit card (automatic),96.96,3860.67,TEST0133,No,13.55,Low,Contract_Month-to-month is lower than average; Contract_Two year is lower than average; InternetService_Fiber optic is higher than average,Encourage long-term contract
TEST0134,Male,0,No,No,41,Yes,No,DSL,Yes,Yes,No,No,Yes,Yes,One year,Yes,Electronic check,75.34,3111.76,TEST0134,No,10.35,Low,Contract_Month-to-month is lower than average; InternetService_DSL is higher than average; Contract_Two year is lower than average,Encourage long-term contract
TEST0135,Male,0,Yes,No,12,Yes,No,No,No internet service,No internet service,No internet service,No internet service,No internet service,No internet service,One year,Yes,Electronic check,23.04,283.25,TEST0135,No,13.82,Low,Contract_Month-to-month is lower than average; Contract_Two year is lower than average; PaymentMethod_Electronic check is higher than average,Encourage long-term contract
TEST0136,Male,1,Yes,No,3,Yes,No,DSL,No,No,Yes,Yes,No,Yes,Month-to-month,No,Credit card (automatic),62.2,176.91,TEST0136,No,33.37,Low,Contract_Month-to-month is higher than average; InternetService_DSL is higher than average; Contract_Two year is lower than average,Encourage long-term contract
TEST0137,Male,0,No,No,21,Yes,Yes,Fiber optic,No,No,Yes,No,Yes,Yes,Month-to-month,Yes,Mailed check,103.6,2156.6,TEST0137,Yes,62.96,Medium,Contract_Month-to-month is higher than average; Contract_Two year is lower than average; InternetService_Fiber optic is higher than average,Encourage long-term contract
TEST0138,Male,0,No,No,4,Yes,No,Fiber optic,Yes,Yes,No,Yes,No,No,Month-to-month,Yes,Credit card (automatic),96.68,415.09,TEST0138,No,32.91,Low,Contract_Month-to-month is higher than average; Contract_Two year is lower than average; InternetService_Fiber optic is higher than average,Encourage long-term contract
TEST0139,Male,1,Yes,No,18,Yes,Yes,DSL,No,No,Yes,Yes,Yes,No,Month-to-month,No,Mailed check,64.65,1156.58,TEST0139,No,25.59,Low,Contract_Month-to-month is higher than average; InternetService_DSL is higher than average; Contract_Two year is lower than average,Encourage long-term contract
TEST0140,Female,0,No,No,8,No,No phone service,Fiber optic,No,Yes,No,Yes,No,No,One year,No,Mailed check,76.85,598.85,TEST0140,No,34.05,Low,Contract_Month-to-month is lower than average; PhoneService_Yes is lower than average; Contract_Two year is lower than average,Encourage long-term contract
TEST0141,Male,0,No,No,6,Yes,No,DSL,No,No,Yes,No,Yes,No,Month-to-month,Yes,Electronic check,57.51,342.21,TEST0141,No,49.69,Medium,Contract_Month-to-month is higher than average; InternetService_DSL is higher than average; Contract_Two year is lower than average,Encourage long-term contract
TEST0142,Male,0,Yes,No,18,Yes,No,No,No internet service,No internet service,No internet service,No internet service,No internet service,No internet service,One year,Yes,Credit card (automatic),30.76,558.3,TEST0142,No,7.63,Low,Contract_Month-to-month is lower than average; Contract_Two year is lower than average; PaymentMethod_Credit card (automatic) is higher than average,Encourage long-term contract
TEST0143,Female,0,No,No,0,No,No phone service,No,No internet service,No internet service,No internet service,No internet service,No internet service,No internet service,Month-to-month,Yes,Bank transfer (automatic),18.43,18.43,TEST0143,No,43.63,Medium,PhoneService_Yes is lower than average; Contract_Month-to-month is higher than average; Contract_Two year is lower than average,Contact customer proactively
TEST0144,Female,0,Yes,Yes,5,Yes,Yes,Fiber optic,No,No,No,No,Yes,No,One year,Yes,Credit card (automatic),84.71,421.28,TEST0144,No,48.93,Medium,Contract_Month-to-month is lower than average; Contract_Two year is lower than average; InternetService_Fiber optic is higher than average,Encourage long-term contract
TEST0145,Female,0,No,No,6,Yes,Yes,DSL,No,Yes,No,No,No,Yes,One year,Yes,Bank transfer (automatic),65.34,399.39,TEST0145,No,32.62,Low,Contract_Month-to-month is lower than average; InternetService_DSL is higher than average; Contract_Two year is lower than average,Encourage long-term contract
TEST0146,Male,0,Yes,No,0,No,No phone service,Fiber optic,No,Yes,Yes,No,No,No,Month-to-month,No,Bank transfer (automatic),90.76,90.76,TEST0146,Yes,65.7,Medium,PhoneService_Yes is lower than average; Contract_Month-to-month is higher than average; Contract_Two year is lower than average,Contact customer proactively
TEST0147,Female,0,Yes,No,30,Yes,No,DSL,Yes,No,No,No,No,Yes,Month-to-month,No,Bank transfer (automatic),63.83,1912.85,TEST0147,No,14.72,Low,Contract_Month-to-month is higher than average; InternetService_DSL is higher than average; Contract_Two year is lower than average,Encourage long-term contract
TEST0148,Female,0,Yes,Yes,6,Yes,No,No,No internet service,No internet service,No internet service,No internet service,No internet service,No internet service,Month-to-month,No,Electronic check,18.53,88.07,TEST0148,No,20.62,Low,Contract_Month-to-month is higher than average; Contract_Two year is lower than average; PaymentMethod_Electronic check is higher than average,Encourage long-term contract
TEST0149,Male,0,Yes,Yes,12,Yes,Yes,Fiber optic,No,No,No,No,No,No,One year,Yes,Electronic check,79.47,961.5,TEST0149,No,48.02,Medium,Contract_Month-to-month is lower than average; Contract_Two year is lower than average; InternetService_Fiber optic is higher than average,Encourage long-term contract
TEST0150,Female,0,No,No,16,Yes,Yes,Fiber optic,Yes,No,Yes,Yes,No,Yes,Month-to-month,No,Electronic check,95.05,1533.18,TEST0150,No,42.88,Medium,Contract_Month-to-month is higher than average; Contract_Two year is lower than average; InternetService_Fiber optic is higher than average,Encourage long-term contract
TEST0151,Male,1,No,No,19,Yes,No,No,No internet service,No internet service,No internet service,No internet service,No internet service,No internet service,Two year,Yes,Mailed check,21.53,411.84,TEST0151,No,3.82,Low,Contract_Two year is higher than average; Contract_Month-to-month is lower than average; SeniorCitizen is higher than average,Encourage long-term contract
TEST0152,Male,0,No,No,24,Yes,Yes,DSL,No,No,No,No,No,No,Month-to-month,Yes,Bank transfer (automatic),51.84,1237.59,TEST0152,No,27.81,Low,Contract_Month-to-month is higher than average; InternetService_DSL is higher than average; Contract_Two year is lower than average,Encourage long-term contract
TEST0153,Male,0,Yes,No,15,Yes,No,Fiber optic,Yes,No,Yes,No,Yes,No,Month-to-month,No,Bank transfer (automatic),97.06,1473.14,TEST0153,No,37.06,Low,Contract_Month-to-month is higher than average; Contract_Two year is lower than average; InternetService_Fiber optic is higher than average,Encourage long-term contract
TEST0154,Male,0,Yes,Yes,25,Yes,Yes,Fiber optic,No,No,Yes,No,Yes,Yes,Month-to-month,Yes,Mailed check,98.79,2480.86,TEST0154,Yes,57.34,Medium,Contract_Month-to-month is higher than average; Contract_Two year is lower than average; InternetService_Fiber optic is higher than average,Encourage long-term contract
TEST0155,Female,0,No,No,29,No,No phone service,DSL,No,Yes,No,Yes,No,No,Month-to-month,Yes,Bank transfer (automatic),53.95,1539.11,TEST0155,No,22.09,Low,PhoneService_Yes is lower than average; Contract_Month-to-month is higher than average; InternetService_DSL is higher than average,Contact customer proactively
TEST0156,Male,0,No,No,0,Yes,No,DSL,Yes,Yes,Yes,No,No,Yes,Month-to-month,Yes,Electronic check,70.69,70.69,TEST0156,No,42.28,Medium,Contract_Month-to-month is higher than average; InternetService_DSL is higher than average; Contract_Two year is lower than average,Encourage long-term contract
TEST0157,Female,0,No,No,19,Yes,No,DSL,Yes,Yes,No,No,No,No,One year,Yes,Bank transfer (automatic),61.61,1170.97,TEST0157,No,10.15,Low,Contract_Month-to-month is lower than average; InternetService_DSL is higher than average; Contract_Two year is lower than average,Encourage long-term contract
TEST0158,Male,0,No,No,72,Yes,Yes,DSL,Yes,Yes,No,No,No,Yes,Two year,No,Mailed check,61.82,4463.77,TEST0158,No,0.74,Low,Contract_Two year is higher than average; Contract_Month-to-month is lower than average; InternetService_DSL is higher than average,Encourage long-term contract
TEST0159,Male,1,Yes,No,18,Yes,No,Fiber optic,No,No,Yes,Yes,Yes,Yes,Two year,Yes,Credit card (automatic),102.43,1849.92,TEST0159,No,22.02,Low,Contract_Two year is higher than average; Contract_Month-to-month is lower than average; InternetService_Fiber optic is higher than average,Encourage long-term contract
TEST0160,Female,0,Yes,No,13,Yes,Yes,Fiber optic,Yes,Yes,No,No,No,No,Month-to-month,No,Electronic check,84.61,1106.86,TEST0160,No,44.44,Medium,Contract_Month-to-month is higher than average; Contract_Two year is lower than average; InternetService_Fiber optic is higher than average,Encourage long-term contract
TEST0161,Male,1,Yes,Yes,0,Yes,No,Fiber optic,No,No,Yes,No,No,Yes,One year,No,Electronic check,90.04,90.04,TEST0161,Yes,53.25,Medium,Contract_Month-to-month is lower than average; Contract_Two year is lower than average; InternetService_Fiber optic is higher than average,Encourage long-term contract
TEST0162,Male,0,No,No,16,Yes,Yes,Fiber optic,No,Yes,No,Yes,Yes,No,One year,Yes,Mailed check,90.32,1444.82,TEST0162,No,30.37,Low,Contract_Month-to-month is lower than average; Contract_Two year is lower than average; InternetService_Fiber optic is higher than average,Encourage long-term contract
TEST0163,Male,0,No,No,72,No,No phone service,Fiber optic,No,No,No,Yes,Yes,Yes,One year,Yes,Bank transfer (automatic),89.55,6420.0,TEST0163,No,16.96,Low,Contract_Month-to-month is lower than average; PhoneService_Yes is lower than average; Contract_Two year is lower than average,Encourage long-term contract
TEST0164,Male,0,Yes,No,2,Yes,Yes,DSL,Yes,Yes,No,Yes,No,No,Month-to-month,Yes,Mailed check,72.94,133.8,TEST0164,No,25.75,Low,Contract_Month-to-month is higher than average; InternetService_DSL is higher than average; Contract_Two year is lower than average,Encourage long-term contract
TEST0165,Female,0,No,No,12,Yes,No,No,No internet service,No internet service,No internet service,No internet service,No internet service,No internet service,One year,Yes,Electronic check,28.83,357.15,TEST0165,No,14.02,Low,Contract_Month-to-month is lower than average; Contract_Two year is lower than average; PaymentMethod_Electronic check is higher than average,Encourage long-term contract
TEST0166,Female,0,Yes,Yes,67,Yes,Yes,No,No internet service,No internet service,No internet service,No internet service,No internet service,No internet service,Two year,Yes,Bank transfer (automatic),18.5,1249.7,TEST0166,No,0.35,Low,Contract_Two year is higher than average; Contract_Month-to-month is lower than average; InternetService_Fiber optic is lower than average,Encourage long-term contract
TEST0167,Male,0,Yes,Yes,8,No,No phone service,Fiber optic,No,No,No,Yes,Yes,No,Month-to-month,Yes,Electronic check,90.77,741.08,TEST0167,Yes,71.4,High,PhoneService_Yes is lower than average; Contract_Month-to-month is higher than average; Contract_Two year is lower than average,Contact customer proactively
TEST0168,Female,0,No,No,26,Yes,No,Fiber optic,Yes,Yes,No,No,Yes,Yes,Two year,No,Credit card (automatic),101.35,2626.14,TEST0168,No,9.86,Low,Contract_Two year is higher than average; Contract_Month-to-month is lower than average; InternetService_Fiber optic is higher than average,Encourage long-term contract
TEST0169,Male,0,Yes,No,33,Yes,Yes,Fiber optic,Yes,No,No,No,No,No,Month-to-month,Yes,Bank transfer (automatic),91.19,2996.56,TEST0169,No,34.94,Low,Contract_Month-to-month is higher than average; Contract_Two year is lower than average; InternetService_Fiber optic is higher than average,Encourage long-term contract
TEST0170,Male,1,No,No,30,Yes,No,Fiber optic,No,No,Yes,No,Yes,Yes,Month-to-month,No,Credit card (automatic),98.66,2975.67,TEST0170,No,45.31,Medium,Contract_Month-to-month is higher than average; Contract_Two year is lower than average; InternetService_Fiber optic is higher than average,Encourage long-term contract
TEST0171,Male,0,No,No,15,Yes,Yes,No,No internet service,No internet service,No internet service,No internet service,No internet service,No internet service,Month-to-month,No,Electronic check,28.75,438.54,TEST0171,No,18.8,Low,Contract_Month-to-month is higher than average; Contract_Two year is lower than average; PaymentMethod_Electronic check is higher than average,Encourage long-term contract
TEST0172,Female,0,Yes,No,40,Yes,No,DSL,No,No,No,Yes,No,No,One year,Yes,Credit card (automatic),60.49,2412.42,TEST0172,No,6.04,Low,Contract_Month-to-month is lower than average; InternetService_DSL is higher than average; Contract_Two year is lower than average,Encourage long-term contract
TEST0173,Male,0,No,No,1,Yes,No,No,No internet service,No internet service,No internet service,No internet service,No internet service,No internet service,Two year,No,Electronic check,21.55,21.55,TEST0173,No,7.89,Low,Contract_Two year is higher than average; Contract_Month-to-month is lower than average; PaymentMethod_Electronic check is higher than average,Encourage long-term contract
TEST0174,Female,0,Yes,No,23,Yes,No,Fiber optic,Yes,No,Yes,No,No,Yes,Month-to-month,Yes,Credit card (automatic),94.81,2201.44,TEST0174,No,41.22,Medium,Contract_Month-to-month is higher than average; Contract_Two year is lower than average; InternetService_Fiber optic is higher than average,Encourage long-term contract
TEST0175,Male,0,No,No,22,No,No phone service,DSL,No,No,Yes,No,No,Yes,One year,No,Mailed check,60.59,1338.1,TEST0175,No,22.93,Low,Contract_Month-to-month is lower than average; PhoneService_Yes is lower than average; InternetService_DSL is higher than average,Encourage long-term contract
TEST0176,Male,0,Yes,Yes,5,Yes,Yes,DSL,No,No,No,Yes,Yes,No,Month-to-month,Yes,Bank transfer (automatic),55.85,301.73,TEST0176,No,38.1,Low,Contract_Month-to-month is higher than average; InternetService_DSL is higher than average; Contract_Two year is lower than average,Encourage long-term contract
TEST0177,Female,0,No,No,19,Yes,No,Fiber optic,No,Yes,Yes,Yes,Yes,Yes,One year,Yes,Credit card (automatic),112.49,2115.64,TEST0177,No,30.52,Low,Contract_Month-to-month is lower than average; Contract_Two year is lower than average; InternetService_Fiber optic is higher than average,Encourage long-term contract
TEST0178,Male,0,Yes,No,7,Yes,No,Fiber optic,No,Yes,No,No,Yes,Yes,Month-to-month,Yes,Bank transfer (automatic),102.22,713.57,TEST0178,Yes,64.36,Medium,Contract_Month-to-month is higher than average; Contract_Two year is lower than average; InternetService_Fiber optic is higher than average,Encourage long-term contract
TEST0179,Male,0,No,No,72,Yes,No,Fiber optic,No,Yes,No,No,Yes,No,Month-to-month,Yes,Electronic check,94.3,6775.0,TEST0179,No,22.36,Low,Contract_Month-to-month is higher than average; Contract_Two year is lower than average; InternetService_Fiber optic is higher than average,Encourage long-term contract
TEST0180,Female,0,No,Yes,72,Yes,No,No,No internet service,No internet service,No internet service,No internet service,No internet service,No internet service,Two year,Yes,Electronic check,18.0,1317.26,TEST0180,No,0.28,Low,Contract_Two year is higher than average; Contract_Month-to-month is lower than average; PaymentMethod_Electronic check is higher than average,Encourage long-term contract
TEST0181,Female,1,Yes,No,13,Yes,No,DSL,No,No,No,Yes,No,Yes,Two year,No,Credit card (automatic),63.73,877.4,TEST0181,No,8.48,Low,Contract_Two year is higher than average; Contract_Month-to-month is lower than average; InternetService_DSL is higher than average,Encourage long-term contract
TEST0182,Male,1,Yes,No,8,Yes,Yes,DSL,No,Yes,No,No,Yes,No,Month-to-month,No,Electronic check,60.79,482.14,TEST0182,No,46.98,Medium,Contract_Month-to-month is higher than average; InternetService_DSL is higher than average; Contract_Two year is lower than average,Encourage long-term contract
TEST0183,Male,0,No,No,30,Yes,No,No,No internet service,No internet service,No internet service,No internet service,No internet service,No internet service,Month-to-month,No,Mailed check,23.88,692.06,TEST0183,No,5.55,Low,Contract_Month-to-month is higher than average; Contract_Two year is lower than average; InternetService_Fiber optic is lower than average,Encourage long-term contract
TEST0184,Male,0,No,No,8,No,No phone service,No,No internet service,No internet service,No internet service,No internet service,No internet service,No internet service,Month-to-month,Yes,Mailed check,21.41,167.83,TEST0184,No,31.93,Low,PhoneService_Yes is lower than average; Contract_Month-to-month is higher than average; Contract_Two year is lower than average,Contact customer proactively
TEST0185,Male,0,Yes,No,37,Yes,Yes,Fiber optic,No,Yes,Yes,No,Yes,No,One year,Yes,Mailed check,93.09,3453.62,TEST0185,No,26.33,Low,Contract_Month-to-month is lower than average; Contract_Two year is lower than average; InternetService_Fiber optic is higher than average,Encourage long-term contract
TEST0186,Male,0,No,No,2,Yes,Yes,No,No internet service,No internet service,No internet service,No internet service,No internet service,No internet service,Month-to-month,Yes,Electronic check,26.64,54.87,TEST0186,No,37.69,Low,Contract_Month-to-month is higher than average; Contract_Two year is lower than average; PaymentMethod_Electronic check is higher than average,Encourage long-term contract
TEST0187,Female,0,Yes,Yes,7,Yes,No,Fiber optic,No,No,No,No,No,Yes,One year,Yes,Electronic check,79.39,589.27,TEST0187,Yes,54.1,Medium,Contract_Month-to-month is lower than average; Contract_Two year is lower than average; InternetService_Fiber optic is higher than average,Encourage long-term contract
TEST0188,Male,0,Yes,No,2,Yes,Yes,Fiber optic,Yes,Yes,No,Yes,No,Yes,Month-to-month,No,Electronic check,107.54,254.39,TEST0188,No,49.17,Medium,Contract_Month-to-month is higher than average; Contract_Two year is lower than average; InternetService_Fiber optic is higher than average,Encourage long-term contract
TEST0189,Male,0,No,No,31,Yes,No,Fiber optic,No,Yes,Yes,Yes,No,No,Two year,Yes,Mailed check,92.05,2853.0,TEST0189,No,7.74,Low,Contract_Two year is higher than average; Contract_Month-to-month is lower than average; InternetService_Fiber optic is higher than average,Encourage long-term contract
TEST0190,Male,0,No,No,1,Yes,Yes,Fiber optic,No,Yes,No,Yes,Yes,No,Month-to-month,No,Mailed check,95.71,95.71,TEST0190,No,47.99,Medium,Contract_Month-to-month is higher than average; Contract_Two year is lower than average; InternetService_Fiber optic is higher than average,Encourage long-term contract
TEST0191,Female,0,No,No,11,Yes,Yes,DSL,No,Yes,No,No,Yes,No,Month-to-month,Yes,Electronic check,58.25,615.84,TEST0191,No,48.08,Medium,Contract_Month-to-month is higher than average; InternetService_DSL is higher than average; Contract_Two year is lower than average,Encourage long-term contract
TEST0192,Female,0,No,No,17,Yes,No,Fiber optic,No,Yes,Yes,No,No,No,Two year,No,Bank transfer (automatic),98.28,1673.62,TEST0192,No,12.82,Low,Contract_Two year is higher than average; Contract_Month-to-month is lower than average; InternetService_Fiber optic is higher than average,Encourage long-term contract
TEST0193,Female,0,Yes,No,29,Yes,No,DSL,No,No,No,No,No,No,One year,Yes,Mailed check,53.77,1567.82,TEST0193,No,12.41,Low,Contract_Month-to-month is lower than average; InternetService_DSL is higher than average; Contract_Two year is lower than average,Encourage long-term contract
TEST0194,Male,0,No,No,67,Yes,Yes,DSL,Yes,No,Yes,No,Yes,No,Two year,No,Bank transfer (automatic),66.26,4425.18,TEST0194,No,1.05,Low,Contract_Two year is higher than average; Contract_Month-to-month is lower than average; InternetService_DSL is higher than average,Encourage long-term contract
TEST0195,Female,0,Yes,Yes,12,Yes,No,Fiber optic,No,No,No,Yes,No,No,Month-to-month,No,Electronic check,91.24,1106.04,TEST0195,No,42.8,Medium,Contract_Month-to-month is higher than average; Contract_Two year is lower than average; InternetService_Fiber optic is higher than average,Encourage long-term contract
TEST0196,Male,0,Yes,No,9,Yes,No,No,No internet service,No internet service,No internet service,No internet service,No internet service,No internet service,Two year,Yes,Electronic check,27.36,230.99,TEST0196,No,7.87,Low,Contract_Two year is higher than average; Contract_Month-to-month is lower than average; PaymentMethod_Electronic check is higher than average,Encourage long-term contract
TEST0197,Female,1,No,No,0,Yes,Yes,DSL,Yes,No,No,Yes,Yes,No,Month-to-month,No,Mailed check,65.52,65.52,TEST0197,No,31.25,Low,Contract_Month-to-month is higher than average; InternetService_DSL is higher than average; Contract_Two year is lower than average,Encourage long-term contract
TEST0198,Male,0,No,No,33,Yes,No,Fiber optic,Yes,No,No,No,Yes,No,Month-to-month,No,Credit card (automatic),95.47,3158.75,TEST0198,No,24.45,Low,Contract_Month-to-month is higher than average; Contract_Two year is lower than average; InternetService_Fiber optic is higher than average,Encourage long-term contract
TEST0199,Female,1,No,No,42,Yes,No,DSL,No,No,Yes,No,No,Yes,Two year,No,Credit card (automatic),55.66,2331.88,TEST0199,No,3.52,Low,Contract_Two year is higher than average; Contract_Month-to-month is lower than average; InternetService_DSL is higher than average,Encourage long-term contract
TEST0200,Female,0,No,No,4,Yes,No,Fiber optic,No,No,No,No,No,No,Month-to-month,Yes,Bank transfer (automatic),81.55,323.13,TEST0200,Yes,60.55,Medium,Contract_Month-to-month is higher than average; Contract_Two year is lower than average; InternetService_Fiber optic is higher than average,Encourage long-term contract
TEST0201,Female,0,Yes,No,29,Yes,Yes,No,No internet service,No internet service,No internet service,No internet service,No internet service,No internet service,One year,Yes,Bank transfer (automatic),25.17,768.37,TEST0201,No,6.4,Low,Contract_Month-to-month is lower than average; Contract_Two year is lower than average; InternetService_Fiber optic is lower than average,Encourage long-term contract
TEST0202,Male,1,Yes,No,8,Yes,No,DSL,No,No,No,No,No,Yes,Month-to-month,Yes,Credit card (automatic),56.87,459.59,TEST0202,No,46.77,Medium,Contract_Month-to-month is higher than average; InternetService_DSL is higher than average; Contract_Two year is lower than average,Encourage long-term contract
TEST0203,Female,0,No,No,12,Yes,No,DSL,No,Yes,No,No,No,Yes,Month-to-month,Yes,Electronic check,63.17,739.77,TEST0203,No,44.21,Medium,Contract_Month-to-month is higher than average; InternetService_DSL is higher than average; Contract_Two year is lower than average,Encourage long-term contract
TEST0204,Male,0,Yes,Yes,10,Yes,Yes,DSL,No,Yes,Yes,No,Yes,Yes,Month-to-month,Yes,Mailed check,70.56,710.12,TEST0204,No,42.53,Medium,Contract_Month-to-month is higher than average; InternetService_DSL is higher than average; Contract_Two year is lower than average,Encourage long-term contract
TEST0205,Female,0,Yes,Yes,0,Yes,No,Fiber optic,No,Yes,No,Yes,Yes,Yes,Month-to-month,Yes,Credit card (automatic),97.68,97.68,TEST0205,Yes,55.8,Medium,Contract_Month-to-month is higher than average; Contract_Two year is lower than average; InternetService_Fiber optic is higher than average,Encourage long-term contract
TEST0206,Male,0,No,No,52,Yes,Yes,Fiber optic,No,No,No,No,Yes,No,One year,Yes,Mailed check,87.86,4561.35,TEST0206,No,20.58,Low,Contract_Month-to-month is lower than average; Contract_Two year is lower than average; InternetService_Fiber optic is higher than average,Encourage long-term contract
TEST0207,Male,1,No,No,31,Yes,No,Fiber optic,No,No,No,Yes,Yes,No,Month-to-month,No,Mailed check,92.38,2876.49,TEST0207,No,30.68,Low,Contract_Month-to-month is higher than average; Contract_Two year is lower than average; InternetService_Fiber optic is higher than average,Encourage long-term contract
TEST0208,Female,1,No,No,3,Yes,No,Fiber optic,Yes,No,No,No,Yes,No,Month-to-month,Yes,Credit card (automatic),90.21,258.05,TEST0208,Yes,55.96,Medium,Contract_Month-to-month is higher than average; Contract_Two year is lower than average; InternetService_Fiber optic is higher than average,Encourage long-term contract
TEST0209,Male,0,No,Yes,11,Yes,Yes,Fiber optic,Yes,Yes,Yes,No,No,No,Two year,No,Bank transfer (automatic),92.95,1035.42,TEST0209,No,9.97,Low,Contract_Two year is higher than average; Contract_Month-to-month is lower than average; InternetService_Fiber optic is higher than average,Encourage long-term contract
TEST0210,Female,0,No,No,35,Yes,No,DSL,Yes,Yes,Yes,No,No,No,One year,Yes,Electronic check,72.58,2541.15,TEST0210,No,8.29,Low,Contract_Month-to-month is lower than average; InternetService_DSL is higher than average; Contract_Two year is lower than average,Encourage long-term contract
TEST0211,Female,1,No,No,33,Yes,Yes,Fiber optic,No,No,Yes,No,No,No,Month-to-month,Yes,Mailed check,83.45,2736.5,TEST0211,No,45.65,Medium,Contract_Month-to-month is higher than average; Contract_Two year is lower than average; InternetService_Fiber optic is higher than average,Encourage long-term contract
TEST0212,Female,0,No,No,11,Yes,Yes,No,No internet service,No internet service,No internet service,No internet service,No internet service,No internet service,Month-to-month,No,Electronic check,27.42,298.7,TEST0212,No,22.68,Low,Contract_Month-to-month is higher than average; Contract_Two year is lower than average; PaymentMethod_Electronic check is higher than average,Encourage long-term contract
TEST0213,Male,0,Yes,No,21,Yes,Yes,DSL,No,No,No,No,No,Yes,One year,No,Mailed check,55.24,1147.84,TEST0213,No,17.97,Low,Contract_Month-to-month is lower than average; InternetService_DSL is higher than average; Contract_Two year is lower than average,Encourage long-term contract
TEST0214,Male,0,Yes,Yes,14,Yes,Yes,No,No internet service,No internet service,No internet service,No internet service,No internet service,No internet service,Two year,Yes,Mailed check,18.0,235.57,TEST0214,No,4.64,Low,Contract_Two year is higher than average; Contract_Month-to-month is lower than average; InternetService_Fiber optic is lower than average,Encourage long-term contract
TEST0215,Female,0,No,No,0,Yes,No,Fiber optic,Yes,Yes,Yes,Yes,No,No,Month-to-month,No,Electronic check,103.19,103.19,TEST0215,No,37.46,Low,Contract_Month-to-month is higher than average; Contract_Two year is lower than average; InternetService_Fiber optic is higher than average,Encourage long-term contract
TEST0216,Male,0,No,No,57,Yes,No,DSL,Yes,Yes,Yes,No,No,Yes,Two year,Yes,Electronic check,64.35,3666.92,TEST0216,No,2.02,Low,Contract_Two year is higher than average; Contract_Month-to-month is lower than average; InternetService_DSL is higher than average,Encourage long-term contract
TEST0217,Female,0,No,No,11,Yes,Yes,DSL,Yes,No,Yes,No,No,No,Month-to-month,Yes,Credit card (automatic),60.28,658.48,TEST0217,No,28.32,Low,Contract_Month-to-month is higher than average; InternetService_DSL is higher than average; Contract_Two year is lower than average,Encourage long-term contract
TEST0218,Female,0,No,No,3,No,No phone service,DSL,Yes,No,No,Yes,No,No,Month-to-month,Yes,Mailed check,57.34,169.69,TEST0218,No,37.87,Low,PhoneService_Yes is lower than average; Contract_Month-to-month is higher than average; InternetService_DSL is higher than average,Contact customer proactively
TEST0219,Female,0,No,Yes,36,Yes,Yes,DSL,Yes,No,Yes,No,No,Yes,Two year,No,Bank transfer (automatic),64.55,2330.1,TEST0219,No,3.14,Low,Contract_Two year is higher than average; Contract_Month-to-month is lower than average; InternetService_DSL is higher than average,Encourage long-term contract
TEST0220,Male,0,Yes,Yes,15,Yes,No,DSL,No,No,No,No,No,Yes,Two year,Yes,Credit card (automatic),56.84,881.96,TEST0220,No,10.43,Low,Contract_Two year is higher than average; Contract_Month-to-month is lower than average; InternetService_DSL is higher than average,Encourage long-term contract
TEST0221,Female,1,Yes,Yes,25,Yes,Yes,No,No internet service,No internet service,No internet service,No internet service,No internet service,No internet service,Two year,Yes,Electronic check,31.2,781.05,TEST0221,No,5.11,Low,Contract_Two year is higher than average; Contract_Month-to-month is lower than average; SeniorCitizen is higher than average,Encourage long-term contract
TEST0222,Male,0,Yes,No,19,Yes,No,No,No internet service,No internet service,No internet service,No internet service,No internet service,No internet service,One year,Yes,Electronic check,23.85,441.39,TEST0222,No,10.15,Low,Contract_Month-to-month is lower than average; Contract_Two year is lower than average; PaymentMethod_Electronic check is higher than average,Encourage long-term contract
TEST0223,Male,0,No,No,5,Yes,No,DSL,No,Yes,Yes,No,No,Yes,Month-to-month,No,Electronic check,70.08,342.95,TEST0223,No,40.3,Medium,Contract_Month-to-month is higher than average; InternetService_DSL is higher than average; Contract_Two year is lower than average,Encourage long-term contract
TEST0224,Male,1,No,No,23,Yes,No,Fiber optic,No,No,No,No,Yes,No,One year,No,Mailed check,88.43,2030.69,TEST0224,No,29.13,Low,Contract_Month-to-month is lower than average; Contract_Two year is lower than average; InternetService_Fiber optic is higher than average,Encourage long-term contract
TEST0225,Female,0,Yes,No,7,No,No phone service,DSL,No,No,No,No,No,Yes,Month-to-month,Yes,Credit card (automatic),49.55,366.15,TEST0225,Yes,60.84,Medium,PhoneService_Yes is lower than average; Contract_Month-to-month is higher than average; InternetService_DSL is higher than average,Contact customer proactively
TEST0226,Male,0,No,No,72,Yes,No,Fiber optic,No,Yes,No,Yes,No,Yes,One year,Yes,Mailed check,95.19,6848.6,TEST0226,No,7.59,Low,Contract_Month-to-month is lower than average; Contract_Two year is lower than average; InternetService_Fiber optic is higher than average,Encourage long-term contract
TEST0227,Female,0,No,No,28,Yes,No,DSL,Yes,Yes,Yes,Yes,No,No,Month-to-month,Yes,Electronic check,71.37,1997.97,TEST0227,No,13.02,Low,Contract_Month-to-month is higher than average; InternetService_DSL is higher than average; Contract_Two year is lower than average,Encourage long-term contract
TEST0228,Male,0,No,Yes,37,Yes,Yes,Fiber optic,No,No,No,Yes,No,Yes,Two year,Yes,Mailed check,90.6,3343.16,TEST0228,No,11.01,Low,Contract_Two year is higher than average; Contract_Month-to-month is lower than average; InternetService_Fiber optic is higher than average,Encourage long-term contract
TEST0229,Female,0,Yes,Yes,7,Yes,Yes,DSL,Yes,No,Yes,Yes,Yes,No,One year,No,Bank transfer (automatic),79.75,555.91,TEST0229,No,12.29,Low,Contract_Month-to-month is lower than average; InternetService_DSL is higher than average; Contract_Two year is lower than average,Encourage long-term contract
TEST0230,Female,0,No,No,34,Yes,Yes,DSL,No,No,No,Yes,Yes,Yes,One year,Yes,Bank transfer (automatic),68.59,2327.18,TEST0230,No,14.81,Low,Contract_Month-to-month is lower than average; InternetService_DSL is higher than average; Contract_Two year is lower than average,Encourage long-term contract
TEST0231,Female,0,Yes,Yes,25,Yes,No,DSL,No,Yes,Yes,No,No,Yes,Month-to-month,No,Electronic check,67.48,1642.7,TEST0231,No,23.32,Low,Contract_Month-to-month is higher than average; InternetService_DSL is higher than average; Contract_Two year is lower than average,Encourage long-term contract
TEST0232,Female,1,No,No,20,Yes,Yes,Fiber optic,No,No,No,Yes,No,No,Month-to-month,No,Bank transfer (automatic),86.39,1746.98,TEST0232,No,41.02,Medium,Contract_Month-to-month is higher than average; Contract_Two year is lower than average; InternetService_Fiber optic is higher than average,Encourage long-term contract
TEST0233,Female,0,No,No,15,Yes,Yes,Fiber optic,No,No,No,No,Yes,Yes,Month-to-month,No,Electronic check,86.97,1299.39,TEST0233,Yes,67.62,Medium,Contract_Month-to-month is higher than average; Contract_Two year is lower than average; InternetService_Fiber optic is higher than average,Encourage long-term contract
TEST0234,Female,0,No,No,23,Yes,Yes,DSL,Yes,No,No,Yes,No,Yes,One year,No,Electronic check,65.23,1499.95,TEST0234,No,11.88,Low,Contract_Month-to-month is lower than average; InternetService_DSL is higher than average; Contract_Two year is lower than average,Encourage long-term contract
TEST0235,Female,0,No,No,36,Yes,No,Fiber optic,No,No,Yes,No,No,Yes,Month-to-month,Yes,Mailed check,92.51,3335.03,TEST0235,No,42.51,Medium,Contract_Month-to-month is higher than average; Contract_Two year is lower than average; InternetService_Fiber optic is higher than average,Encourage long-term contract
TEST0236,Female,0,No,No,17,Yes,No,No,No internet service,No internet service,No internet service,No internet service,No internet service,No internet service,One year,No,Credit card (automatic),21.48,354.48,TEST0236,No,5.54,Low,Contract_Month-to-month is lower than average; Contract_Two year is lower than average; PaymentMethod_Credit card (automatic) is higher than average,Encourage long-term contract
TEST0237,Female,0,Yes,No,1,Yes,No,No,No internet service,No internet service,No internet service,No internet service,No internet service,No internet service,Month-to-month,Yes,Credit card (automatic),24.7,36.65,TEST0237,No,27.2,Low,Contract_Month-to-month is higher than average; Contract_Two year is lower than average; PaymentMethod_Credit card (automatic) is higher than average,Encourage long-term contract
TEST0238,Female,0,Yes,No,31,Yes,Yes,DSL,No,Yes,Yes,Yes,No,No,Two year,Yes,Mailed check,66.9,2061.27,TEST0238,No,4.36,Low,Contract_Two year is higher than average; Contract_Month-to-month is lower than average; InternetService_DSL is higher than average,Encourage long-term contract
TEST0239,Female,0,No,No,11,Yes,Yes,DSL,No,No,No,Yes,Yes,No,Month-to-month,Yes,Mailed check,60.52,635.62,TEST0239,No,35.3,Low,Contract_Month-to-month is higher than average; InternetService_DSL is higher than average; Contract_Two year is lower than average,Encourage long-term contract
TEST0240,Female,0,Yes,Yes,24,Yes,No,Fiber optic,No,No,No,No,No,No,Month-to-month,Yes,Electronic check,88.34,2104.94,TEST0240,Yes,51.11,Medium,Contract_Month-to-month is higher than average; Contract_Two year is lower than average; InternetService_Fiber optic is higher than average,Encourage long-term contract
TEST0241,Female,0,Yes,No,17,Yes,Yes,DSL,No,No,No,No,No,Yes,Month-to-month,Yes,Credit card (automatic),48.47,826.67,TEST0241,No,40.2,Medium,Contract_Month-to-month is higher than average; InternetService_DSL is higher than average; Contract_Two year is lower than average,Encourage long-term contract
TEST0242,Female,0,Yes,No,54,Yes,No,Fiber optic,No,No,No,Yes,No,No,One year,No,Electronic check,84.0,4533.67,TEST0242,No,10.79,Low,Contract_Month-to-month is lower than average; Contract_Two year is lower than average; InternetService_Fiber optic is higher than average,Encourage long-term contract
TEST0243,Male,0,Yes,No,23,No,No phone service,Fiber optic,Yes,Yes,No,No,Yes,No,Month-to-month,No,Mailed check,91.5,2093.67,TEST0243,No,41.68,Medium,PhoneService_Yes is lower than average; Contract_Month-to-month is higher than average; Contract_Two year is lower than average,Contact customer proactively
TEST0244,Male,0,Yes,No,2,Yes,Yes,Fiber optic,No,No,No,Yes,No,No,Month-to-month,No,Electronic check,95.28,182.43,TEST0244,Yes,58.53,Medium,Contract_Month-to-month is higher than average; Contract_Two year is lower than average; InternetService_Fiber optic is higher than average,Encourage long-term contract
TEST0245,Male,0,No,No,4,Yes,Yes,Fiber optic,No,Yes,Yes,No,Yes,Yes,Month-to-month,Yes,Mailed check,105.52,447.48,TEST0245,Yes,68.47,Medium,Contract_Month-to-month is higher than average; Contract_Two year is lower than average; InternetService_Fiber optic is higher than average,Encourage long-term contract
TEST0246,Male,0,Yes,Yes,3,Yes,No,DSL,No,No,No,No,Yes,No,Month-to-month,No,Bank transfer (automatic),56.28,167.36,TEST0246,No,35.17,Low,Contract_Month-to-month is higher than average; InternetService_DSL is higher than average; Contract_Two year is lower than average,Encourage long-term contract
TEST0247,Male,0,No,No,12,Yes,No,Fiber optic,No,No,Yes,No,Yes,No,One year,Yes,Credit card (automatic),83.27,1012.29,TEST0247,No,38.05,Low,Contract_Month-to-month is lower than average; Contract_Two year is lower than average; InternetService_Fiber optic is higher than average,Encourage long-term contract
TEST0248,Female,0,Yes,Yes,21,No,No phone service,Fiber optic,Yes,No,Yes,No,No,No,Month-to-month,No,Mailed check,87.78,1859.9,TEST0248,No,39.88,Low,PhoneService_Yes is lower than average; Contract_Month-to-month is higher than average; Contract_Two year is lower than average,Contact customer proactively
TEST0249,Male,0,Yes,Yes,48,Yes,Yes,DSL,No,Yes,No,No,No,Yes,Two year,Yes,Mailed check,62.72,3001.03,TEST0249,No,3.56,Low,Contract_Two year is higher than average; Contract_Month-to-month is lower than average; InternetService_DSL is higher than average,Encourage long-term contract
TEST0250,Male,0,Yes,No,17,Yes,Yes,No,No internet service,No internet service,No internet service,No internet service,No internet service,No internet service,Month-to-month,Yes,Electronic check,25.51,422.65,TEST0250,No,23.34,Low,Contract_Month-to-month is higher than average; Contract_Two year is lower than average; PaymentMethod_Electronic check is higher than average,Encourage long-term contract
TEST0251,Male,1,Yes,Yes,2,No,No phone service,Fiber optic,No,No,No,No,Yes,No,Month-to-month,Yes,Credit card (automatic),83.64,184.02,TEST0251,Yes,77.2,High,PhoneService_Yes is lower than average; Contract_Month-to-month is higher than average; Contract_Two year is lower than average,Contact customer proactively
TEST0252,Female,0,No,No,71,Yes,Yes,Fiber optic,Yes,Yes,No,No,Yes,No,One year,Yes,Electronic check,96.94,6890.35,TEST0252,No,12.27,Low,Contract_Month-to-month is lower than average; Contract_Two year is lower than average; InternetService_Fiber optic is higher than average,Encourage long-term contract
TEST0253,Female,1,Yes,No,4,Yes,No,DSL,No,Yes,Yes,No,Yes,No,Month-to-month,No,Electronic check,66.95,268.48,TEST0253,No,45.14,Medium,Contract_Month-to-month is higher than average; InternetService_DSL is higher than average; Contract_Two year is lower than average,Encourage long-term contract
TEST0254,Male,0,Yes,No,72,Yes,No,DSL,No,No,No,No,No,No,Month-to-month,No,Electronic check,55.12,3935.39,TEST0254,No,4.47,Low,Contract_Month-to-month is higher than average; InternetService_DSL is higher than average; Contract_Two year is lower than average,Encourage long-term contract
TEST0255,Male,0,No,Yes,24,Yes,No,DSL,No,No,No,Yes,Yes,Yes,Month-to-month,No,Bank transfer (automatic),69.11,1660.63,TEST0255,No,17.86,Low,Contract_Month-to-month is higher than average; InternetService_DSL is higher than average; Contract_Two year is lower than average,Encourage long-term contract
TEST0256,Female,0,Yes,No,19,Yes,Yes,Fiber optic,Yes,Yes,No,No,Yes,No,One year,No,Bank transfer (automatic),95.45,1850.17,TEST0256,No,24.03,Low,Contract_Month-to-month is lower than average; Contract_Two year is lower than average; InternetService_Fiber optic is higher than average,Encourage long-term contract
TEST0257,Male,0,No,Yes,28,Yes,Yes,Fiber optic,No,Yes,Yes,Yes,Yes,Yes,One year,Yes,Electronic check,103.94,2930.99,TEST0257,No,34.17,Low,Contract_Month-to-month is lower than average; Contract_Two year is lower than average; InternetService_Fiber optic is higher than average,Encourage long-term contract
TEST0258,Female,0,No,No,0,Yes,No,No,No internet service,No internet service,No internet service,No internet service,No internet service,No internet service,Month-to-month,No,Mailed check,26.28,26.28,TEST0258,No,21.79,Low,Contract_Month-to-month is higher than average; Contract_Two year is lower than average; InternetService_Fiber optic is lower than average,Encourage long-term contract
TEST0259,Male,0,Yes,Yes,37,Yes,No,Fiber optic,No,Yes,No,Yes,No,No,Two year,Yes,Electronic check,91.78,3414.34,TEST0259,No,8.71,Low,Contract_Two year is higher than average; Contract_Month-to-month is lower than average; InternetService_Fiber optic is higher than average,Encourage long-term contract
TEST0260,Female,0,No,No,64,Yes,Yes,No,No internet service,No internet service,No internet service,No internet service,No internet service,No internet service,One year,Yes,Bank transfer (automatic),18.44,1187.36,TEST0260,No,0.99,Low,Contract_Month-to-month is lower than average; Contract_Two year is lower than average; InternetService_Fiber optic is lower than average,Encourage long-term contract
TEST0261,Female,0,Yes,Yes,24,Yes,Yes,DSL,Yes,No,Yes,Yes,Yes,Yes,Two year,Yes,Mailed check,78.3,1886.33,TEST0261,No,6.0,Low,Contract_Two year is higher than average; Contract_Month-to-month is lower than average; InternetService_DSL is higher than average,Encourage long-term contract
TEST0262,Male,1,No,No,8,Yes,No,Fiber optic,No,Yes,Yes,No,No,No,Month-to-month,Yes,Electronic check,91.79,762.79,TEST0262,Yes,62.55,Medium,Contract_Month-to-month is higher than average; Contract_Two year is lower than average; InternetService_Fiber optic is higher than average,Encourage long-term contract
TEST0263,Female,0,Yes,Yes,17,No,No phone service,No,No internet service,No internet service,No internet service,No internet service,No internet service,No internet service,Two year,No,Electronic check,18.0,297.75,TEST0263,No,6.33,Low,Contract_Two year is higher than average; Contract_Month-to-month is lower than average; PhoneService_Yes is lower than average,Encourage long-term contract
TEST0264,Male,1,Yes,Yes,1,Yes,Yes,DSL,Yes,No,No,Yes,No,No,One year,Yes,Bank transfer (automatic),62.64,64.88,TEST0264,No,19.26,Low,Contract_Month-to-month is lower than average; InternetService_DSL is higher than average; Contract_Two year is lower than average,Encourage long-term contract
TEST0265,Male,0,No,No,6,Yes,Yes,DSL,Yes,No,Yes,No,Yes,No,One year,Yes,Bank transfer (automatic),67.96,396.36,TEST0265,No,23.42,Low,Contract_Month-to-month is lower than average; InternetService_DSL is higher than average; Contract_Two year is lower than average,Encourage long-term contract
TEST0266,Female,0,No,No,1,Yes,No,No,No internet service,No internet service,No internet service,No internet service,No internet service,No internet service,Month-to-month,Yes,Credit card (automatic),25.71,25.71,TEST0266,No,26.05,Low,Contract_Month-to-month is higher than average; Contract_Two year is lower than average; PaymentMethod_Credit card (automatic) is higher than average,Encourage long-term contract
TEST0267,Female,0,Yes,No,37,No,No phone service,No,No internet service,No internet service,No internet service,No internet service,No internet service,No internet service,Two year,Yes,Mailed check,20.85,778.2,TEST0267,No,2.8,Low,Contract_Two year is higher than average; Contract_Month-to-month is lower than average; PhoneService_Yes is lower than average,Encourage long-term contract
TEST0268,Male,1,No,Yes,12,Yes,Yes,No,No internet service,No internet service,No internet service,No internet service,No internet service,No internet service,One year,No,Electronic check,25.88,325.51,TEST0268,No,12.17,Low,Contract_Month-to-month is lower than average; Contract_Two year is lower than average; SeniorCitizen is higher than average,Encourage long-term contract
TEST0269,Female,0,No,No,6,Yes,Yes,Fiber optic,Yes,Yes,No,Yes,Yes,Yes,Month-to-month,Yes,Mailed check,104.58,643.63,TEST0269,No,49.76,Medium,Contract_Month-to-month is higher than average; Contract_Two year is lower than average; InternetService_Fiber optic is higher than average,Encourage long-term contract
TEST0270,Female,0,Yes,No,5,Yes,No,Fiber optic,No,Yes,No,No,Yes,No,Two year,Yes,Credit card (automatic),90.43,445.28,TEST0270,No,25.09,Low,Contract_Two year is higher than average; Contract_Month-to-month is lower than average; InternetService_Fiber optic is higher than average,Encourage long-term contract
TEST0271,Female,0,No,Yes,19,Yes,Yes,No,No internet service,No internet service,No internet service,No internet service,No internet service,No internet service,Two year,No,Credit card (automatic),24.36,448.98,TEST0271,No,2.58,Low,Contract_Two year is higher than average; Contract_Month-to-month is lower than average; PaymentMethod_Credit card (automatic) is higher than average,Encourage long-term contract
TEST0272,Male,0,No,No,11,Yes,No,DSL,Yes,No,Yes,Yes,Yes,Yes,Month-to-month,No,Mailed check,80.57,914.84,TEST0272,No,19.84,Low,Contract_Month-to-month is higher than average; InternetService_DSL is higher than average; Contract_Two year is lower than average,Encourage long-term contract
TEST0273,Female,1,No,No,0,Yes,Yes,No,No internet service,No internet service,No internet service,No internet service,No internet service,No internet service,Month-to-month,Yes,Electronic check,22.58,22.58,TEST0273,No,45.33,Medium,Contract_Month-to-month is higher than average; Contract_Two year is lower than average; SeniorCitizen is higher than average,Encourage long-term contract
TEST0274,Female,0,No,No,2,Yes,Yes,DSL,No,Yes,No,Yes,No,Yes,Month-to-month,Yes,Electronic check,59.42,125.91,TEST0274,Yes,50.32,Medium,Contract_Month-to-month is higher than average; InternetService_DSL is higher than average; Contract_Two year is lower than average,Encourage long-term contract
TEST0275,Male,0,Yes,No,39,Yes,No,No,No internet service,No internet service,No internet service,No internet service,No internet service,No internet service,One year,No,Credit card (automatic),29.5,1132.51,TEST0275,No,2.08,Low,Contract_Month-to-month is lower than average; Contract_Two year is lower than average; PaymentMethod_Credit card (automatic) is higher than average,Encourage long-term contract
TEST0276,Male,0,Yes,No,3,Yes,No,DSL,No,No,Yes,No,Yes,No,Month-to-month,No,Electronic check,67.28,202.87,TEST0276,No,45.78,Medium,Contract_Month-to-month is higher than average; InternetService_DSL is higher than average; Contract_Two year is lower than average,Encourage long-term contract
TEST0277,Female,0,Yes,No,72,Yes,No,No,No internet service,No internet service,No internet service,No internet service,No internet service,No internet service,Two year,No,Mailed check,31.57,2284.34,TEST0277,No,0.23,Low,Contract_Two year is higher than average; Contract_Month-to-month is lower than average; InternetService_Fiber optic is lower than average,Encourage long-term contract
TEST0278,Female,0,No,No,32,Yes,Yes,Fiber optic,Yes,Yes,No,Yes,Yes,No,Two year,Yes,Electronic check,100.41,3195.36,TEST0278,No,11.53,Low,Contract_Two year is higher than average; Contract_Month-to-month is lower than average; InternetService_Fiber optic is higher than average,Encourage long-term contract
TEST0279,Male,0,No,No,17,Yes,No,Fiber optic,No,No,No,No,No,No,Two year,No,Credit card (automatic),80.99,1396.08,TEST0279,No,13.21,Low,Contract_Two year is higher than average; Contract_Month-to-month is lower than average; InternetService_Fiber optic is higher than average,Encourage long-term contract
TEST0280,Female,0,Yes,Yes,21,Yes,Yes,DSL,Yes,Yes,Yes,No,No,No,Month-to-month,No,Electronic check,72.14,1512.76,TEST0280,No,18.52,Low,Contract_Month-to-month is higher than average; InternetService_DSL is higher than average; Contract_Two year is lower than average,Encourage long-term contract
TEST0281,Female,0,No,No,5,Yes,Yes,Fiber optic,No,No,Yes,Yes,Yes,No,Month-to-month,Yes,Electronic check,95.23,492.38,TEST0281,Yes,67.04,Medium,Contract_Month-to-month is higher than average; Contract_Two year is lower than average; InternetService_Fiber optic is higher than average,Encourage long-term contract
TEST0282,Female,0,Yes,No,4,No,No phone service,DSL,No,No,No,No,No,Yes,Month-to-month,No,Electronic check,55.8,213.41,TEST0282,Yes,65.22,Medium,PhoneService_Yes is lower than average; Contract_Month-to-month is higher than average; InternetService_DSL is higher than average,Contact customer proactively
TEST0283,Male,0,No,No,20,Yes,Yes,Fiber optic,Yes,No,Yes,No,No,Yes,One year,No,Electronic check,96.92,1950.77,TEST0283,No,32.96,Low,Contract_Month-to-month is lower than average; Contract_Two year is lower than average; InternetService_Fiber optic is higher than average,Encourage long-term contract
TEST0284,Female,0,No,No,13,Yes,Yes,No,No internet service,No internet service,No internet service,No internet service,No internet service,No internet service,Two year,No,Bank transfer (automatic),26.72,353.05,TEST0284,No,4.42,Low,Contract_Two year is higher than average; Contract_Month-to-month is lower than average; InternetService_Fiber optic is lower than average,Encourage long-term contract
TEST0285,Female,0,Yes,Yes,11,Yes,No,Fiber optic,No,No,Yes,Yes,No,No,Month-to-month,Yes,Electronic check,81.54,907.61,TEST0285,No,49.96,Medium,Contract_Month-to-month is higher than average; Contract_Two year is lower than average; InternetService_Fiber optic is higher than average,Encourage long-term contract
TEST0286,Female,0,Yes,No,17,Yes,Yes,Fiber optic,Yes,Yes,Yes,Yes,No,Yes,One year,No,Mailed check,109.4,1848.99,TEST0286,No,19.77,Low,Contract_Month-to-month is lower than average; Contract_Two year is lower than average; InternetService_Fiber optic is higher than average,Encourage long-term contract
TEST0287,Male,0,No,No,13,Yes,No,Fiber optic,No,Yes,Yes,No,No,Yes,Month-to-month,Yes,Bank transfer (automatic),98.33,1272.57,TEST0287,Yes,54.05,Medium,Contract_Month-to-month is higher than average; Contract_Two year is lower than average; InternetService_Fiber optic is higher than average,Encourage long-term contract
TEST0288,Male,0,No,No,13,Yes,No,Fiber optic,No,Yes,Yes,Yes,Yes,No,Two year,No,Mailed check,102.2,1340.13,TEST0288,No,10.91,Low,Contract_Two year is higher than average; Contract_Month-to-month is lower than average; InternetService_Fiber optic is higher than average,Encourage long-term contract
TEST0289,Female,0,No,Yes,37,Yes,No,DSL,Yes,No,No,No,No,Yes,Month-to-month,No,Electronic check,60.39,2203.53,TEST0289,No,12.31,Low,Contract_Month-to-month is higher than average; InternetService_DSL is higher than average; Contract_Two year is lower than average,Encourage long-term contract
TEST0290,Male,0,No,No,9,Yes,Yes,No,No internet service,No internet service,No internet service,No internet service,No internet service,No internet service,Month-to-month,Yes,Mailed check,21.96,226.63,TEST0290,No,23.05,Low,Contract_Month-to-month is higher than average; Contract_Two year is lower than average; InternetService_Fiber optic is lower than average,Encourage long-term contract
TEST0291,Male,0,Yes,Yes,53,Yes,Yes,Fiber optic,No,No,Yes,No,Yes,Yes,Two year,Yes,Electronic check,91.76,4882.13,TEST0291,No,16.36,Low,Contract_Two year is higher than average; Contract_Month-to-month is lower than average; InternetService_Fiber optic is higher than average,Encourage long-term contract
TEST0292,Female,0,Yes,No,13,Yes,Yes,No,No internet service,No internet service,No internet service,No internet service,No internet service,No internet service,Month-to-month,Yes,Mailed check,21.06,276.76,TEST0292,No,21.22,Low,Contract_Month-to-month is higher than average; Contract_Two year is lower than average; InternetService_Fiber optic is lower than average,Encourage long-term contract
TEST0293,Female,0,Yes,No,30,Yes,No,DSL,Yes,Yes,No,No,Yes,No,Month-to-month,No,Credit card (automatic),64.49,1913.53,TEST0293,No,10.52,Low,Contract_Month-to-month is higher than average; InternetService_DSL is higher than average; Contract_Two year is lower than average,Encourage long-term contract
TEST0294,Male,1,No,No,22,Yes,Yes,Fiber optic,No,No,No,Yes,Yes,No,Month-to-month,Yes,Credit card (automatic),94.71,2116.68,TEST0294,No,49.81,Medium,Contract_Month-to-month is higher than average; Contract_Two year is lower than average; InternetService_Fiber optic is higher than average,Encourage long-term contract
TEST0295,Male,0,Yes,No,2,Yes,No,Fiber optic,No,No,No,Yes,Yes,No,Month-to-month,Yes,Bank transfer (automatic),89.15,184.47,TEST0295,Yes,57.04,Medium,Contract_Month-to-month is higher than average; Contract_Two year is lower than average; InternetService_Fiber optic is higher than average,Encourage long-term contract
TEST0296,Male,0,No,No,3,Yes,Yes,No,No internet service,No internet service,No internet service,No internet service,No internet service,No internet service,One year,No,Electronic check,27.29,71.3,TEST0296,No,17.69,Low,Contract_Month-to-month is lower than average; Contract_Two year is lower than average; PaymentMethod_Electronic check is higher than average,Encourage long-term contract
TEST0297,Male,0,No,No,72,Yes,Yes,Fiber optic,No,Yes,No,Yes,No,No,Two year,Yes,Electronic check,84.95,6102.91,TEST0297,No,4.02,Low,Contract_Two year is higher than average; Contract_Month-to-month is lower than average; InternetService_Fiber optic is higher than average,Encourage long-term contract
TEST0298,Male,0,No,No,11,Yes,Yes,No,No internet service,No internet service,No internet service,No internet service,No internet service,No internet service,One year,No,Bank transfer (automatic),27.23,296.92,TEST0298,No,9.58,Low,Contract_Month-to-month is lower than average; Contract_Two year is lower than average; InternetService_Fiber optic is lower than average,Encourage long-term contract
TEST0299,Female,0,Yes,No,61,No,No phone service,DSL,Yes,Yes,Yes,Yes,Yes,No,Two year,Yes,Electronic check,66.73,4062.67,TEST0299,No,2.38,Low,Contract_Two year is higher than average; Contract_Month-to-month is lower than average; PhoneService_Yes is lower than average,Encourage long-term contract
TEST0300,Male,0,No,No,70,Yes,Yes,Fiber optic,No,No,No,No,Yes,Yes,One year,Yes,Electronic check,86.37,6020.68,TEST0300,No,21.24,Low,Contract_Month-to-month is lower than average; Contract_Two year is lower than average; InternetService_Fiber optic is higher than average,Encourage long-term contract
TEST0301,Male,1,No,No,0,Yes,No,DSL,Yes,No,Yes,No,Yes,No,Month-to-month,No,Electronic check,71.14,71.14,TEST0301,No,40.32,Medium,Contract_Month-to-month is higher than average; InternetService_DSL is higher than average; Contract_Two year is lower than average,Encourage long-term contract
TEST0302,Male,0,No,No,47,Yes,No,Fiber optic,No,No,Yes,No,No,Yes,Two year,Yes,Credit card (automatic),91.19,4293.83,TEST0302,No,10.35,Low,Contract_Two year is higher than average; Contract_Month-to-month is lower than average; InternetService_Fiber optic is higher than average,Encourage long-term contract
TEST0303,Male,0,No,No,12,Yes,No,Fiber optic,No,Yes,No,No,No,Yes,Month-to-month,Yes,Mailed check,89.09,1039.38,TEST0303,Yes,54.01,Medium,Contract_Month-to-month is higher than average; Contract_Two year is lower than average; InternetService_Fiber optic is higher than average,Encourage long-term contract
TEST0304,Male,1,Yes,No,72,Yes,Yes,Fiber optic,Yes,Yes,Yes,Yes,No,Yes,One year,No,Mailed check,105.49,7592.88,TEST0304,No,6.52,Low,Contract_Month-to-month is lower than average; Contract_Two year is lower than average; InternetService_Fiber optic is higher than average,Encourage long-term contract
TEST0305,Male,1,Yes,No,57,Yes,No,No,No internet service,No internet service,No internet service,No internet service,No internet service,No internet service,Month-to-month,No,Electronic check,28.75,1653.34,TEST0305,No,2.91,Low,Contract_Month-to-month is higher than average; Contract_Two year is lower than average; SeniorCitizen is higher than average,Encourage long-term contract
TEST0306,Male,0,No,No,7,Yes,No,DSL,No,Yes,Yes,No,No,Yes,Month-to-month,Yes,Electronic check,66.97,480.76,TEST0306,No,46.82,Medium,Contract_Month-to-month is higher than average; InternetService_DSL is higher than average; Contract_Two year is lower than average,Encourage long-term contract
TEST0307,Male,0,No,No,27,Yes,No,No,No internet service,No internet service,No internet service,No internet service,No internet service,No internet service,Two year,Yes,Mailed check,18.0,502.43,TEST0307,No,2.16,Low,Contract_Two year is higher than average; Contract_Month-to-month is lower than average; InternetService_Fiber optic is lower than average,Encourage long-term contract
TEST0308,Male,1,Yes,No,18,Yes,Yes,No,No internet service,No internet service,No internet service,No internet service,No internet service,No internet service,Two year,Yes,Bank transfer (automatic),28.32,513.42,TEST0308,No,5.68,Low,Contract_Two year is higher than average; Contract_Month-to-month is lower than average; SeniorCitizen is higher than average,Encourage long-term contract
TEST0309,Female,0,Yes,No,3,Yes,No,DSL,No,Yes,Yes,Yes,Yes,No,One year,Yes,Bank transfer (automatic),65.92,206.6,TEST0309,No,21.08,Low,Contract_Month-to-month is lower than average; InternetService_DSL is higher than average; Contract_Two year is lower than average,Encourage long-term contract
TEST0310,Female,0,Yes,No,17,Yes,No,Fiber optic,No,Yes,No,No,No,No,Month-to-month,Yes,Mailed check,82.56,1418.48,TEST0310,No,46.04,Medium,Contract_Month-to-month is higher than average; Contract_Two year is lower than average; InternetService_Fiber optic is higher than average,Encourage long-term contract
TEST0311,Female,0,No,No,17,Yes,No,DSL,No,Yes,Yes,Yes,Yes,Yes,Month-to-month,No,Electronic check,76.35,1299.13,TEST0311,No,27.84,Low,Contract_Month-to-month is higher than average; InternetService_DSL is higher than average; Contract_Two year is lower than average,Encourage long-term contract
TEST0312,Female,0,No,No,14,Yes,No,DSL,No,No,No,Yes,No,Yes,One year,No,Electronic check,61.67,861.29,TEST0312,No,18.73,Low,Contract_Month-to-month is lower than average; InternetService_DSL is higher than average; Contract_Two year is lower than average,Encourage long-term contract
TEST0313,Male,1,No,Yes,1,Yes,Yes,DSL,No,Yes,No,Yes,No,No,Month-to-month,Yes,Electronic check,65.82,65.82,TEST0313,No,43.39,Medium,Contract_Month-to-month is higher than average; InternetService_DSL is higher than average; Contract_Two year is lower than average,Encourage long-term contract
TEST0314,Male,0,Yes,Yes,16,Yes,No,No,No internet service,No internet service,No internet service,No internet service,No internet service,No internet service,Month-to-month,No,Electronic check,18.0,290.32,TEST0314,No,12.93,Low,Contract_Month-to-month is higher than average; Contract_Two year is lower than average; PaymentMethod_Electronic check is higher than average,Encourage long-term contract
TEST0315,Male,0,Yes,Yes,48,Yes,Yes,No,No internet service,No internet service,No internet service,No internet service,No internet service,No internet service,Two year,No,Credit card (automatic),23.65,1137.61,TEST0315,No,0.63,Low,Contract_Two year is higher than average; Contract_Month-to-month is lower than average; PaymentMethod_Credit card (automatic) is higher than average,Encourage long-term contract
TEST0316,Male,1,Yes,No,20,Yes,No,DSL,No,No,No,No,No,Yes,Month-to-month,Yes,Electronic check,51.81,1036.46,TEST0316,No,44.24,Medium,Contract_Month-to-month is higher than average; InternetService_DSL is higher than average; Contract_Two year is lower than average,Encourage long-term contract
TEST0317,Male,0,Yes,No,8,Yes,Yes,DSL,No,Yes,No,No,Yes,Yes,Month-to-month,No,Electronic check,61.12,479.78,TEST0317,No,49.47,Medium,Contract_Month-to-month is higher than average; InternetService_DSL is higher than average; Contract_Two year is lower than average,Encourage long-term contract
TEST0318,Female,0,Yes,No,8,Yes,Yes,Fiber optic,No,Yes,Yes,Yes,No,No,Month-to-month,Yes,Bank transfer (automatic),99.53,798.6,TEST0318,Yes,50.27,Medium,Contract_Month-to-month is higher than average; Contract_Two year is lower than average; InternetService_Fiber optic is higher than average,Encourage long-term contract
TEST0319,Female,0,Yes,No,5,Yes,No,DSL,No,No,No,No,No,No,Two year,No,Electronic check,50.7,232.9,TEST0319,No,14.73,Low,Contract_Two year is higher than average; Contract_Month-to-month is lower than average; InternetService_DSL is higher than average,Encourage long-term contract
TEST0320,Female,0,No,Yes,28,Yes,No,No,No internet service,No internet service,No internet service,No internet service,No internet service,No internet service,Two year,Yes,Credit card (automatic),18.0,523.96,TEST0320,No,1.76,Low,Contract_Two year is higher than average; Contract_Month-to-month is lower than average; PaymentMethod_Credit card (automatic) is higher than average,Encourage long-term contract
TEST0321,Male,0,Yes,No,33,Yes,Yes,DSL,Yes,No,No,No,No,No,Two year,Yes,Mailed check,60.78,2002.73,TEST0321,No,4.29,Low,Contract_Two year is higher than average; Contract_Month-to-month is lower than average; InternetService_DSL is higher than average,Encourage long-term contract
TEST0322,Female,0,Yes,No,27,Yes,No,DSL,Yes,Yes,No,Yes,No,No,Two year,Yes,Mailed check,68.64,1856.68,TEST0322,No,2.74,Low,Contract_Two year is higher than average; Contract_Month-to-month is lower than average; InternetService_DSL is higher than average,Encourage long-term contract
TEST0323,Female,0,No,No,66,Yes,No,Fiber optic,Yes,Yes,No,Yes,No,No,Two year,No,Mailed check,94.25,6246.59,TEST0323,No,1.59,Low,Contract_Two year is higher than average; Contract_Month-to-month is lower than average; InternetService_Fiber optic is higher than average,Encourage long-term contract
TEST0324,Female,0,Yes,Yes,4,Yes,No,No,No internet service,No internet service,No internet service,No internet service,No internet service,No internet service,Month-to-month,Yes,Bank transfer (automatic),28.12,104.4,TEST0324,No,22.85,Low,Contract_Month-to-month is higher than average; Contract_Two year is lower than average; InternetService_Fiber optic is lower than average,Encourage long-term contract
TEST0325,Male,0,No,No,13,Yes,No,Fiber optic,No,No,No,Yes,No,Yes,Two year,No,Electronic check,94.97,1202.45,TEST0325,No,19.28,Low,Contract_Two year is higher than average; Contract_Month-to-month is lower than average; InternetService_Fiber optic is higher than average,Encourage long-term contract
TEST0326,Male,0,No,No,36,Yes,No,DSL,No,No,Yes,No,Yes,No,Month-to-month,Yes,Electronic check,61.7,2208.52,TEST0326,No,24.02,Low,Contract_Month-to-month is higher than average; InternetService_DSL is higher than average; Contract_Two year is lower than average,Encourage long-term contract
TEST0327,Female,0,Yes,No,0,No,No phone service,No,No internet service,No internet service,No internet service,No internet service,No internet service,No internet service,Month-to-month,Yes,Bank transfer (automatic),22.21,22.21,TEST0327,No,44.98,Medium,PhoneService_Yes is lower than average; Contract_Month-to-month is higher than average; Contract_Two year is lower than average,Contact customer proactively
TEST0328,Male,0,Yes,No,21,Yes,Yes,Fiber optic,No,No,Yes,Yes,Yes,No,Month-to-month,No,Electronic check,99.26,2088.44,TEST0328,No,48.87,Medium,Contract_Month-to-month is higher than average; Contract_Two year is lower than average; InternetService_Fiber optic is higher than average,Encourage long-term contract
TEST0329,Male,0,No,No,5,Yes,No,DSL,No,Yes,No,No,No,Yes,Month-to-month,Yes,Bank transfer (automatic),61.64,326.46,TEST0329,No,41.8,Medium,Contract_Month-to-month is higher than average; InternetService_DSL is higher than average; Contract_Two year is lower than average,Encourage long-term contract
TEST0330,Female,1,No,No,25,Yes,No,Fiber optic,No,Yes,Yes,No,No,No,Two year,No,Electronic check,95.36,2402.0,TEST0330,No,15.85,Low,Contract_Two year is higher than average; Contract_Month-to-month is lower than average; InternetService_Fiber optic is higher than average,Encourage long-term contract
TEST0331,Male,0,Yes,Yes,52,Yes,Yes,No,No internet service,No internet service,No internet service,No internet service,No internet service,No internet service,Two year,Yes,Mailed check,21.46,1118.35,TEST0331,No,0.72,Low,Contract_Two year is higher than average; Contract_Month-to-month is lower than average; InternetService_Fiber optic is lower than average,Encourage long-term contract
TEST0332,Female,1,Yes,No,32,Yes,Yes,DSL,No,No,No,Yes,No,Yes,Month-to-month,No,Electronic check,58.85,1893.03,TEST0332,No,25.39,Low,Contract_Month-to-month is higher than average; InternetService_DSL is higher than average; Contract_Two year is lower than average,Encourage long-term contract
TEST0333,Female,1,No,No,1,Yes,No,DSL,Yes,No,Yes,No,No,Yes,Month-to-month,No,Bank transfer (automatic),66.79,66.79,TEST0333,No,35.08,Low,Contract_Month-to-month is higher than average; InternetService_DSL is higher than average; Contract_Two year is lower than average,Encourage long-term contract
TEST0334,Male,0,Yes,No,11,Yes,Yes,No,No internet service,No internet service,No internet service,No internet service,No internet service,No internet service,Month-to-month,Yes,Electronic check,23.65,257.57,TEST0334,No,28.96,Low,Contract_Month-to-month is higher than average; Contract_Two year is lower than average; PaymentMethod_Electronic check is higher than average,Encourage long-term contract
TEST0335,Male,0,No,No,6,Yes,No,DSL,No,No,Yes,No,No,Yes,Month-to-month,Yes,Electronic check,64.86,394.6,TEST0335,Yes,52.57,Medium,Contract_Month-to-month is higher than average; InternetService_DSL is higher than average; Contract_Two year is lower than average,Encourage long-term contract
TEST0336,Female,0,No,No,12,Yes,No,Fiber optic,Yes,Yes,Yes,No,Yes,Yes,One year,Yes,Mailed check,113.27,1351.55,TEST0336,No,33.3,Low,Contract_Month-to-month is lower than average; Contract_Two year is lower than average; InternetService_Fiber optic is higher than average,Encourage long-term contract
TEST0337,Female,0,No,No,13,Yes,Yes,Fiber optic,No,Yes,No,Yes,No,Yes,Month-to-month,Yes,Mailed check,97.02,1250.5,TEST0337,Yes,51.97,Medium,Contract_Month-to-month is higher than average; Contract_Two year is lower than average; InternetService_Fiber optic is higher than average,Encourage long-term contract
TEST0338,Male,0,No,No,14,Yes,Yes,Fiber optic,No,No,No,No,No,No,Two year,Yes,Bank transfer (automatic),79.07,1146.55,TEST0338,No,24.4,Low,Contract_Two year is higher than average; Contract_Month-to-month is lower than average; InternetService_Fiber optic is higher than average,Encourage long-term contract
TEST0339,Female,0,Yes,Yes,42,Yes,No,No,No internet service,No internet service,No internet service,No internet service,No internet service,No internet service,Two year,No,Mailed check,19.72,825.67,TEST0339,No,0.69,Low,Contract_Two year is higher than average; Contract_Month-to-month is lower than average; InternetService_Fiber optic is lower than average,Encourage long-term contract
TEST0340,Male,0,Yes,No,62,Yes,Yes,Fiber optic,Yes,No,No,Yes,No,Yes,Two year,Yes,Bank transfer (automatic),99.79,6172.54,TEST0340,No,5.48,Low,Contract_Two year is higher than average; Contract_Month-to-month is lower than average; InternetService_Fiber optic is higher than average,Encourage long-term contract
TEST0341,Male,1,Yes,No,2,Yes,Yes,Fiber optic,Yes,No,No,No,No,No,Month-to-month,Yes,Credit card (automatic),82.3,160.55,TEST0341,Yes,58.76,Medium,Contract_Month-to-month is higher than average; Contract_Two year is lower than average; InternetService_Fiber optic is higher than average,Encourage long-term contract
TEST0342,Female,0,Yes,Yes,27,Yes,Yes,DSL,No,No,Yes,No,Yes,Yes,Two year,No,Mailed check,66.01,1791.09,TEST0342,No,7.92,Low,Contract_Two year is higher than average; Contract_Month-to-month is lower than average; InternetService_DSL is higher than average,Encourage long-term contract
TEST0343,Female,0,Yes,No,28,Yes,Yes,No,No internet service,No internet service,No internet service,No internet service,No internet service,No internet service,Month-to-month,Yes,Credit card (automatic),26.1,711.49,TEST0343,No,11.11,Low,Contract_Month-to-month is higher than average; Contract_Two year is lower than average; PaymentMethod_Credit card (automatic) is higher than average,Encourage long-term contract
TEST0344,Female,0,No,No,0,No,No phone service,DSL,Yes,Yes,No,No,No,No,Month-to-month,Yes,Mailed check,52.84,52.84,TEST0344,No,45.46,Medium,PhoneService_Yes is lower than average; Contract_Month-to-month is higher than average; InternetService_DSL is higher than average,Contact customer proactively
TEST0345,Female,0,No,No,9,Yes,No,No,No internet service,No internet service,No internet service,No internet service,No internet service,No internet service,Month-to-month,No,Electronic check,24.99,243.8,TEST0345,No,20.33,Low,Contract_Month-to-month is higher than average; Contract_Two year is lower than average; PaymentMethod_Electronic check is higher than average,Encourage long-term contract
TEST0346,Female,0,Yes,No,40,No,No phone service,Fiber optic,No,No,Yes,No,No,Yes,One year,No,Credit card (automatic),88.74,3558.37,TEST0346,No,31.31,Low,Contract_Month-to-month is lower than average; PhoneService_Yes is lower than average; Contract_Two year is lower than average,Encourage long-term contract
TEST0347,Male,0,Yes,No,72,No,No phone service,Fiber optic,Yes,Yes,Yes,No,No,Yes,One year,Yes,Electronic check,95.52,6862.31,TEST0347,No,17.31,Low,Contract_Month-to-month is lower than average; PhoneService_Yes is lower than average; Contract_Two year is lower than average,Encourage long-term contract
TEST0348,Male,0,Yes,No,40,No,No phone service,Fiber optic,No,No,Yes,No,No,No,One year,No,Credit card (automatic),79.99,3174.24,TEST0348,No,22.97,Low,Contract_Month-to-month is lower than average; PhoneService_Yes is lower than average; Contract_Two year is lower than average,Encourage long-term contract
TEST0349,Male,0,No,No,22,Yes,No,No,No internet service,No internet service,No internet service,No internet service,No internet service,No internet service,Two year,Yes,Bank transfer (automatic),21.09,460.97,TEST0349,No,2.92,Low,Contract_Two year is higher than average; Contract_Month-to-month is lower than average; InternetService_Fiber optic is lower than average,Encourage long-term contract
TEST0350,Male,0,Yes,No,19,Yes,No,No,No internet service,No internet service,No internet service,No internet service,No internet service,No internet service,Month-to-month,Yes,Electronic check,19.98,403.36,TEST0350,No,17.59,Low,Contract_Month-to-month is higher than average; Contract_Two year is lower than average; PaymentMethod_Electronic check is higher than average,Encourage long-term contract
TEST0351,Female,0,No,No,16,Yes,No,No,No internet service,No internet service,No internet service,No internet service,No internet service,No internet service,Two year,Yes,Mailed check,23.97,391.83,TEST0351,No,4.03,Low,Contract_Two year is higher than average; Contract_Month-to-month is lower than average; InternetService_Fiber optic is lower than average,Encourage long-term contract
TEST0352,Male,0,No,No,56,Yes,Yes,Fiber optic,Yes,Yes,No,No,Yes,No,Two year,Yes,Bank transfer (automatic),100.35,5632.63,TEST0352,No,6.58,Low,Contract_Two year is higher than average; Contract_Month-to-month is lower than average; InternetService_Fiber optic is higher than average,Encourage long-term contract
TEST0353,Male,0,Yes,No,43,Yes,No,Fiber optic,Yes,No,No,Yes,No,Yes,One year,No,Bank transfer (automatic),91.75,3935.39,TEST0353,No,9.63,Low,Contract_Month-to-month is lower than average; Contract_Two year is lower than average; InternetService_Fiber optic is higher than average,Encourage long-term contract
TEST0354,Male,0,Yes,No,2,Yes,No,DSL,No,No,No,No,No,No,Month-to-month,Yes,Electronic check,51.35,92.54,TEST0354,Yes,52.17,Medium,Contract_Month-to-month is higher than average; InternetService_DSL is higher than average; Contract_Two year is lower than average,Encourage long-term contract
TEST0355,Female,0,No,Yes,31,Yes,Yes,Fiber optic,Yes,No,No,Yes,No,Yes,Month-to-month,Yes,Credit card (automatic),98.16,3015.28,TEST0355,No,29.52,Low,Contract_Month-to-month is higher than average; Contract_Two year is lower than average; InternetService_Fiber optic is higher than average,Encourage long-term contract
TEST0356,Male,0,Yes,Yes,72,Yes,No,Fiber optic,Yes,Yes,Yes,No,No,No,Two year,No,Electronic check,99.64,7183.57,TEST0356,No,2.52,Low,Contract_Two year is higher than average; Contract_Month-to-month is lower than average; InternetService_Fiber optic is higher than average,Encourage long-term contract
TEST0357,Male,1,No,Yes,53,Yes,Yes,Fiber optic,No,No,Yes,No,No,No,Two year,Yes,Credit card (automatic),83.6,4426.31,TEST0357,No,7.7,Low,Contract_Two year is higher than average; Contract_Month-to-month is lower than average; InternetService_Fiber optic is higher than average,Encourage long-term contract
TEST0358,Female,0,Yes,Yes,38,Yes,Yes,Fiber optic,Yes,No,Yes,No,No,Yes,Two year,No,Mailed check,94.46,3583.16,TEST0358,No,8.07,Low,Contract_Two year is higher than average; Contract_Month-to-month is lower than average; InternetService_Fiber optic is higher than average,Encourage long-term contract
TEST0359,Female,0,Yes,No,11,Yes,Yes,DSL,No,No,No,Yes,Yes,Yes,Month-to-month,Yes,Credit card (automatic),61.98,667.13,TEST0359,No,41.9,Medium,Contract_Month-to-month is higher than average; InternetService_DSL is higher than average; Contract_Two year is lower than average,Encourage long-term contract
TEST0360,Female,0,No,No,26,Yes,Yes,DSL,No,Yes,No,No,No,No,Month-to-month,Yes,Bank transfer (automatic),50.67,1326.23,TEST0360,No,23.36,Low,Contract_Month-to-month is higher than average; InternetService_DSL is higher than average; Contract_Two year is lower than average,Encourage long-term contract
TEST0361,Female,0,No,No,35,Yes,No,No,No internet service,No internet service,No internet service,No internet service,No internet service,No internet service,One year,No,Mailed check,24.18,843.88,TEST0361,No,2.49,Low,Contract_Month-to-month is lower than average; Contract_Two year is lower than average; InternetService_Fiber optic is lower than average,Encourage long-term contract
TEST0362,Female,0,No,No,72,Yes,Yes,Fiber optic,No,Yes,No,No,Yes,Yes,Two year,Yes,Bank transfer (automatic),94.06,6761.42,TEST0362,No,7.94,Low,Contract_Two year is higher than average; Contract_Month-to-month is lower than average; InternetService_Fiber optic is higher than average,Encourage long-term contract
TEST0363,Male,0,No,No,0,Yes,No,No,No internet service,No internet service,No internet service,No internet service,No internet service,No internet service,One year,Yes,Bank transfer (automatic),18.0,18.0,TEST0363,No,16.79,Low,Contract_Month-to-month is lower than average; Contract_Two year is lower than average; InternetService_Fiber optic is lower than average,Encourage long-term contract
TEST0364,Male,0,No,No,20,Yes,Yes,Fiber optic,No,No,Yes,Yes,Yes,No,Month-to-month,Yes,Electronic check,99.35,2033.69,TEST0364,Yes,56.85,Medium,Contract_Month-to-month is higher than average; Contract_Two year is lower than average; InternetService_Fiber optic is higher than average,Encourage long-term contract
TEST0365,Female,0,Yes,No,34,No,No phone service,Fiber optic,Yes,No,No,No,No,No,Month-to-month,No,Electronic check,79.35,2720.26,TEST0365,No,42.19,Medium,PhoneService_Yes is lower than average; Contract_Month-to-month is higher than average; Contract_Two year is lower than average,Contact customer proactively
TEST0366,Female,0,Yes,No,26,Yes,No,DSL,No,No,No,No,Yes,No,Two year,No,Electronic check,58.42,1527.0,TEST0366,No,8.3,Low,Contract_Two year is higher than average; Contract_Month-to-month is lower than average; InternetService_DSL is higher than average,Encourage long-term contract
TEST0367,Female,0,Yes,Yes,28,Yes,No,Fiber optic,No,No,Yes,No,Yes,No,One year,No,Electronic check,98.83,2739.96,TEST0367,No,29.61,Low,Contract_Month-to-month is lower than average; Contract_Two year is lower than average; InternetService_Fiber optic is higher than average,Encourage long-term contract
TEST0368,Male,0,Yes,No,27,Yes,Yes,No,No internet service,No internet service,No internet service,No internet service,No internet service,No internet service,Month-to-month,No,Electronic check,25.52,659.26,TEST0368,No,11.68,Low,Contract_Month-to-month is higher than average; Contract_Two year is lower than average; PaymentMethod_Electronic check is higher than average,Encourage long-term contract
TEST0369,Male,0,Yes,Yes,5,Yes,Yes,No,No internet service,No internet service,No internet service,No internet service,No internet service,No internet service,One year,No,Credit card (automatic),27.21,131.12,TEST0369,No,10.49,Low,Contract_Month-to-month is lower than average; Contract_Two year is lower than average; PaymentMethod_Credit card (automatic) is higher than average,Encourage long-term contract
TEST0370,Female,0,Yes,No,4,No,No phone service,Fiber optic,Yes,No,No,No,No,No,One year,Yes,Mailed check,73.57,297.6,TEST0370,No,49.62,Medium,Contract_Month-to-month is lower than average; PhoneService_Yes is lower than average; Contract_Two year is lower than average,Encourage long-term contract
TEST0371,Female,0,No,No,3,No,No phone service,Fiber optic,No,Yes,No,Yes,Yes,Yes,Month-to-month,No,Electronic check,93.29,291.29,TEST0371,Yes,72.0,High,PhoneService_Yes is lower than average; Contract_Month-to-month is higher than average; Contract_Two year is lower than average,Contact customer proactively
TEST0372,Female,0,Yes,No,71,Yes,No,DSL,No,Yes,No,No,No,No,Two year,No,Bank transfer (automatic),55.63,3961.81,TEST0372,No,0.74,Low,Contract_Two year is higher than average; Contract_Month-to-month is lower than average; InternetService_DSL is higher than average,Encourage long-term contract
TEST0373,Female,0,No,No,23,Yes,Yes,No,No internet service,No internet service,No internet service,No internet service,No internet service,No internet service,Month-to-month,Yes,Mailed check,23.74,550.74,TEST0373,No,13.54,Low,Contract_Month-to-month is higher than average; Contract_Two year is lower than average; InternetService_Fiber optic is lower than average,Encourage long-term contract
TEST0374,Male,0,Yes,No,5,No,No phone service,DSL,No,Yes,Yes,No,Yes,Yes,Month-to-month,Yes,Electronic check,69.35,356.75,TEST0374,Yes,69.14,Medium,PhoneService_Yes is lower than average; Contract_Month-to-month is higher than average; InternetService_DSL is higher than average,Contact customer proactively
TEST0375,Male,0,Yes,No,5,Yes,Yes,DSL,No,No,No,Yes,No,No,Month-to-month,Yes,Credit card (automatic),58.03,294.24,TEST0375,No,36.24,Low,Contract_Month-to-month is higher than average; InternetService_DSL is higher than average; Contract_Two year is lower than average,Encourage long-term contract
TEST0376,Male,0,No,No,44,Yes,No,No,No internet service,No internet service,No internet service,No internet service,No internet service,No internet service,Month-to-month,Yes,Electronic check,27.99,1236.44,TEST0376,No,5.88,Low,Contract_Month-to-month is higher than average; Contract_Two year is lower than average; PaymentMethod_Electronic check is higher than average,Encourage long-term contract
TEST0377,Male,0,No,No,19,Yes,No,No,No internet service,No internet service,No internet service,No internet service,No internet service,No internet service,One year,No,Electronic check,28.43,552.7,TEST0377,No,7.31,Low,Contract_Month-to-month is lower than average; Contract_Two year is lower than average; PaymentMethod_Electronic check is higher than average,Encourage long-term contract
TEST0378,Male,0,No,Yes,34,Yes,Yes,DSL,No,No,Yes,Yes,Yes,No,Month-to-month,Yes,Bank transfer (automatic),58.26,1997.2,TEST0378,No,15.17,Low,Contract_Month-to-month is higher than average; InternetService_DSL is higher than average; Contract_Two year is lower than average,Encourage long-term contract
TEST0379,Male,0,No,No,4,Yes,No,No,No internet service,No internet service,No internet service,No internet service,No internet service,No internet service,Month-to-month,Yes,Credit card (automatic),33.49,134.56,TEST0379,No,22.53,Low,Contract_Month-to-month is higher than average; Contract_Two year is lower than average; PaymentMethod_Credit card (automatic) is higher than average,Encourage long-term contract
TEST0380,Female,0,Yes,No,12,Yes,Yes,DSL,No,No,Yes,No,No,No,Month-to-month,Yes,Electronic check,56.1,684.76,TEST0380,No,48.44,Medium,Contract_Month-to-month is higher than average; InternetService_DSL is higher than average; Contract_Two year is lower than average,Encourage long-term contract
TEST0381,Male,0,No,No,17,Yes,Yes,No,No internet service,No internet service,No internet service,No internet service,No internet service,No internet service,Two year,No,Electronic check,25.79,426.84,TEST0381,No,4.7,Low,Contract_Two year is higher than average; Contract_Month-to-month is lower than average; PaymentMethod_Electronic check is higher than average,Encourage long-term contract
TEST0382,Male,0,Yes,No,5,Yes,No,Fiber optic,Yes,No,No,No,No,Yes,One year,No,Mailed check,88.06,465.31,TEST0382,No,30.99,Low,Contract_Month-to-month is lower than average; Contract_Two year is lower than average; InternetService_Fiber optic is higher than average,Encourage long-term contract
TEST0383,Female,0,No,No,1,Yes,No,DSL,No,No,Yes,No,No,Yes,Month-to-month,Yes,Bank transfer (automatic),55.6,55.6,TEST0383,Yes,50.46,Medium,Contract_Month-to-month is higher than average; InternetService_DSL is higher than average; Contract_Two year is lower than average,Encourage long-term contract
TEST0384,Female,0,Yes,Yes,12,Yes,Yes,DSL,Yes,No,No,Yes,No,No,Two year,Yes,Bank transfer (automatic),65.37,776.22,TEST0384,No,6.1,Low,Contract_Two year is higher than average; Contract_Month-to-month is lower than average; InternetService_DSL is higher than average,Encourage long-term contract
TEST0385,Male,0,No,No,22,Yes,No,DSL,Yes,No,No,Yes,No,No,Month-to-month,Yes,Bank transfer (automatic),63.42,1386.37,TEST0385,No,13.4,Low,Contract_Month-to-month is higher than average; InternetService_DSL is higher than average; Contract_Two year is lower than average,Encourage long-term contract
TEST0386,Female,0,No,No,19,Yes,No,Fiber optic,No,Yes,No,No,Yes,Yes,One year,No,Credit card (automatic),104.55,1994.88,TEST0386,No,31.64,Low,Contract_Month-to-month is lower than average; Contract_Two year is lower than average; InternetService_Fiber optic is higher than average,Encourage long-term contract
TEST0387,Female,0,No,No,5,Yes,Yes,DSL,No,Yes,No,No,No,No,Month-to-month,Yes,Bank transfer (automatic),60.02,302.45,TEST0387,No,42.34,Medium,Contract_Month-to-month is higher than average; InternetService_DSL is higher than average; Contract_Two year is lower than average,Encourage long-term contract
TEST0388,Male,0,Yes,No,10,Yes,No,No,No internet service,No internet service,No internet service,No internet service,No internet service,No internet service,Month-to-month,Yes,Credit card (automatic),29.34,296.55,TEST0388,No,18.68,Low,Contract_Month-to-month is higher than average; Contract_Two year is lower than average; PaymentMethod_Credit card (automatic) is higher than average,Encourage long-term contract
TEST0389,Male,0,No,No,33,No,No phone service,Fiber optic,Yes,No,No,Yes,No,Yes,Month-to-month,No,Mailed check,92.08,3028.91,TEST0389,No,32.13,Low,PhoneService_Yes is lower than average; Contract_Month-to-month is higher than average; Contract_Two year is lower than average,Contact customer proactively
TEST0390,Female,0,Yes,No,56,No,No phone service,DSL,No,Yes,Yes,No,No,Yes,One year,Yes,Bank transfer (automatic),62.54,3501.87,TEST0390,No,9.93,Low,Contract_Month-to-month is lower than average; PhoneService_Yes is lower than average; InternetService_DSL is higher than average,Encourage long-term contract
TEST0391,Female,0,Yes,No,21,Yes,Yes,Fiber optic,No,No,No,No,Yes,Yes,Month-to-month,No,Electronic check,89.52,1875.0,TEST0391,Yes,65.14,Medium,Contract_Month-to-month is higher than average; Contract_Two year is lower than average; InternetService_Fiber optic is higher than average,Encourage long-term contract
TEST0392,Female,0,Yes,Yes,14,Yes,No,Fiber optic,No,Yes,Yes,No,Yes,Yes,Two year,Yes,Electronic check,103.73,1463.32,TEST0392,No,29.98,Low,Contract_Two year is higher than average; Contract_Month-to-month is lower than average; InternetService_Fiber optic is higher than average,Encourage long-term contract
TEST0393,Male,0,No,No,33,Yes,Yes,Fiber optic,Yes,No,Yes,No,Yes,Yes,Two year,Yes,Mailed check,103.24,3396.16,TEST0393,No,16.0,Low,Contract_Two year is higher than average; Contract_Month-to-month is lower than average; InternetService_Fiber optic is higher than average,Encourage long-term contract
TEST0394,Male,1,No,No,3,Yes,No,DSL,No,No,No,Yes,Yes,No,Two year,No,Electronic check,65.37,173.96,TEST0394,No,13.82,Low,Contract_Two year is higher than average; Contract_Month-to-month is lower than average; InternetService_DSL is higher than average,Encourage long-term contract
TEST0395,Female,1,No,No,6,Yes,No,DSL,Yes,No,Yes,Yes,Yes,Yes,Month-to-month,No,Electronic check,72.66,421.51,TEST0395,No,33.37,Low,Contract_Month-to-month is higher than average; InternetService_DSL is higher than average; Contract_Two year is lower than average,Encourage long-term contract
TEST0396,Female,0,Yes,No,7,Yes,Yes,DSL,No,No,No,Yes,Yes,Yes,Month-to-month,Yes,Credit card (automatic),65.79,470.37,TEST0396,No,45.99,Medium,Contract_Month-to-month is higher than average; InternetService_DSL is higher than average; Contract_Two year is lower than average,Encourage long-term contract
TEST0397,Female,0,Yes,Yes,38,Yes,No,Fiber optic,No,No,No,No,Yes,Yes,Two year,Yes,Credit card (automatic),91.83,3498.53,TEST0397,No,14.89,Low,Contract_Two year is higher than average; Contract_Month-to-month is lower than average; InternetService_Fiber optic is higher than average,Encourage long-term contract
TEST0398,Female,0,Yes,No,22,Yes,No,DSL,Yes,No,No,Yes,Yes,No,One year,No,Electronic check,65.88,1436.45,TEST0398,No,9.52,Low,Contract_Month-to-month is lower than average; InternetService_DSL is higher than average; Contract_Two year is lower than average,Encourage long-term contract
TEST0399,Male,0,Yes,Yes,20,Yes,No,DSL,No,No,Yes,Yes,Yes,No,Month-to-month,No,Credit card (automatic),63.83,1287.92,TEST0399,No,14.87,Low,Contract_Month-to-month is higher than average; InternetService_DSL is higher than average; Contract_Two year is lower than average,Encourage long-term contract
TEST0400,Male,0,Yes,No,10,Yes,No,Fiber optic,No,No,Yes,No,No,Yes,Month-to-month,No,Mailed check,89.48,926.04,TEST0400,Yes,52.75,Medium,Contract_Month-to-month is higher than average; Contract_Two year is lower than average; InternetService_Fiber optic is higher than average,Encourage long-term contract
TEST0401,Female,0,No,No,45,Yes,Yes,Fiber optic,No,Yes,No,No,No,Yes,One year,Yes,Credit card (automatic),94.97,4268.15,TEST0401,No,24.33,Low,Contract_Month-to-month is lower than average; Contract_Two year is lower than average; InternetService_Fiber optic is higher than average,Encourage long-term contract
TEST0402,Male,0,Yes,Yes,63,Yes,No,No,No internet service,No internet service,No internet service,No internet service,No internet service,No internet service,One year,No,Electronic check,26.77,1680.25,TEST0402,No,0.81,Low,Contract_Month-to-month is lower than average; Contract_Two year is lower than average; PaymentMethod_Electronic check is higher than average,Encourage long-term contract
TEST0403,Male,0,Yes,Yes,43,Yes,No,DSL,Yes,Yes,No,No,Yes,Yes,Two year,Yes,Credit card (automatic),75.0,3212.25,TEST0403,No,2.83,Low,Contract_Two year is higher than average; Contract_Month-to-month is lower than average; InternetService_DSL is higher than average,Encourage long-term contract
TEST0404,Female,1,No,No,16,Yes,No,Fiber optic,Yes,No,Yes,No,No,Yes,Two year,Yes,Mailed check,104.64,1681.27,TEST0404,No,19.77,Low,Contract_Two year is higher than average; Contract_Month-to-month is lower than average; InternetService_Fiber optic is higher than average,Encourage long-term contract
TEST0405,Female,0,No,Yes,64,Yes,No,Fiber optic,No,Yes,No,No,Yes,No,One year,Yes,Credit card (automatic),99.69,6353.99,TEST0405,No,11.09,Low,Contract_Month-to-month is lower than average; Contract_Two year is lower than average; InternetService_Fiber optic is higher than average,Encourage long-term contract
TEST0406,Female,1,No,No,27,Yes,Yes,Fiber optic,Yes,No,Yes,Yes,Yes,Yes,One year,Yes,Mailed check,108.69,2915.51,TEST0406,No,30.0,Low,Contract_Month-to-month is lower than average; Contract_Two year is lower than average; InternetService_Fiber optic is higher than average,Encourage long-term contract
TEST0407,Female,1,No,Yes,7,Yes,No,DSL,Yes,No,No,Yes,Yes,No,Month-to-month,No,Mailed check,66.19,460.53,TEST0407,No,18.73,Low,Contract_Month-to-month is higher than average; InternetService_DSL is higher than average; Contract_Two year is lower than average,Encourage long-term contract
TEST0408,Male,0,Yes,Yes,52,Yes,Yes,No,No internet service,No internet service,No internet service,No internet service,No internet service,No internet service,Two year,Yes,Electronic check,24.14,1269.83,TEST0408,No,1.08,Low,Contract_Two year is higher than average; Contract_Month-to-month is lower than average; PaymentMethod_Electronic check is higher than average,Encourage long-term contract
TEST0409,Female,0,Yes,No,4,Yes,Yes,DSL,Yes,No,Yes,No,No,No,Month-to-month,Yes,Bank transfer (automatic),60.85,231.83,TEST0409,No,37.22,Low,Contract_Month-to-month is higher than average; InternetService_DSL is higher than average; Contract_Two year is lower than average,Encourage long-term contract
TEST0410,Female,1,Yes,No,26,Yes,No,Fiber optic,No,No,No,Yes,No,Yes,Two year,Yes,Credit card (automatic),94.81,2477.45,TEST0410,No,17.03,Low,Contract_Two year is higher than average; Contract_Month-to-month is lower than average; InternetService_Fiber optic is higher than average,Encourage long-term contract
TEST0411,Female,0,Yes,Yes,25,Yes,Yes,No,No internet service,No internet service,No internet service,No internet service,No internet service,No internet service,One year,Yes,Electronic check,21.3,547.58,TEST0411,No,8.59,Low,Contract_Month-to-month is lower than average; Contract_Two year is lower than average; PaymentMethod_Electronic check is higher than average,Encourage long-term contract
TEST0412,Female,0,Yes,No,28,Yes,Yes,No,No internet service,No internet service,No internet service,No internet service,No internet service,No internet service,One year,Yes,Electronic check,29.04,812.45,TEST0412,No,9.16,Low,Contract_Month-to-month is lower than average; Contract_Two year is lower than average; PaymentMethod_Electronic check is higher than average,Encourage long-term contract
TEST0413,Male,0,Yes,Yes,72,Yes,No,Fiber optic,Yes,No,Yes,Yes,No,No,One year,Yes,Electronic check,97.83,7040.8,TEST0413,No,5.98,Low,Contract_Month-to-month is lower than average; Contract_Two year is lower than average; InternetService_Fiber optic is higher than average,Encourage long-term contract
TEST0414,Male,0,No,No,40,Yes,Yes,Fiber optic,No,No,Yes,Yes,No,Yes,Two year,Yes,Electronic check,89.63,3564.63,TEST0414,No,15.21,Low,Contract_Two year is higher than average; Contract_Month-to-month is lower than average; InternetService_Fiber optic is higher than average,Encourage long-term contract
TEST0415,Female,1,No,No,1,Yes,No,DSL,Yes,Yes,Yes,No,No,Yes,Month-to-month,No,Electronic check,72.58,89.53,TEST0415,No,38.0,Low,Contract_Month-to-month is higher than average; InternetService_DSL is higher than average; Contract_Two year is lower than average,Encourage long-term contract
TEST0416,Male,1,Yes,Yes,14,Yes,No,DSL,No,No,No,No,Yes,No,Two year,Yes,Mailed check,58.93,830.99,TEST0416,No,11.83,Low,Contract_Two year is higher than average; Contract_Month-to-month is lower than average; InternetService_DSL is higher than average,Encourage long-term contract
TEST0417,Female,0,Yes,No,42,No,No phone service,Fiber optic,No,Yes,No,No,No,No,One year,No,Mailed check,85.17,3564.75,TEST0417,No,22.06,Low,Contract_Month-to-month is lower than average; PhoneService_Yes is lower than average; Contract_Two year is lower than average,Encourage long-term contract
TEST0418,Male,0,Yes,No,10,Yes,No,Fiber optic,Yes,No,No,Yes,Yes,No,Month-to-month,Yes,Electronic check,97.85,963.61,TEST0418,No,48.19,Medium,Contract_Month-to-month is higher than average; Contract_Two year is lower than average; InternetService_Fiber optic is higher than average,Encourage long-term contract
TEST0419,Male,0,No,No,71,Yes,Yes,No,No internet service,No internet service,No internet service,No internet service,No internet service,No internet service,Two year,Yes,Bank transfer (automatic),28.58,2032.15,TEST0419,No,0.38,Low,Contract_Two year is higher than average; Contract_Month-to-month is lower than average; InternetService_Fiber optic is lower than average,Encourage long-term contract
TEST0420,Male,0,Yes,No,3,Yes,Yes,No,No internet service,No internet service,No internet service,No internet service,No internet service,No internet service,Month-to-month,No,Credit card (automatic),28.87,76.47,TEST0420,No,22.48,Low,Contract_Month-to-month is higher than average; Contract_Two year is lower than average; PaymentMethod_Credit card (automatic) is higher than average,Encourage long-term contract
TEST0421,Female,0,Yes,No,7,Yes,No,No,No internet service,No internet service,No internet service,No internet service,No internet service,No internet service,Month-to-month,Yes,Electronic check,23.55,172.33,TEST0421,No,29.28,Low,Contract_Month-to-month is higher than average; Contract_Two year is lower than average; PaymentMethod_Electronic check is higher than average,Encourage long-term contract
TEST0422,Female,0,No,Yes,5,Yes,No,DSL,No,Yes,No,No,No,Yes,Month-to-month,Yes,Electronic check,62.83,345.62,TEST0422,No,47.06,Medium,Contract_Month-to-month is higher than average; InternetService_DSL is higher than average; Contract_Two year is lower than average,Encourage long-term contract
TEST0423,Female,0,No,No,13,Yes,Yes,Fiber optic,No,No,No,No,Yes,Yes,Two year,Yes,Bank transfer (automatic),93.22,1199.41,TEST0423,No,35.52,Low,Contract_Two year is higher than average; Contract_Month-to-month is lower than average; InternetService_Fiber optic is higher than average,Encourage long-term contract
TEST0424,Male,1,No,No,18,Yes,No,Fiber optic,No,No,Yes,No,No,No,Month-to-month,No,Electronic check,85.71,1530.47,TEST0424,Yes,51.09,Medium,Contract_Month-to-month is higher than average; Contract_Two year is lower than average; InternetService_Fiber optic is higher than average,Encourage long-term contract
TEST0425,Female,0,No,No,16,Yes,No,Fiber optic,No,Yes,No,Yes,Yes,No,Month-to-month,Yes,Bank transfer (automatic),103.03,1654.63,TEST0425,No,43.25,Medium,Contract_Month-to-month is higher than average; Contract_Two year is lower than average; InternetService_Fiber optic is higher than average,Encourage long-term contract
TEST0426,Female,0,No,No,6,Yes,No,Fiber optic,No,Yes,Yes,No,No,Yes,Month-to-month,Yes,Mailed check,99.38,588.1,TEST0426,Yes,58.99,Medium,Contract_Month-to-month is higher than average; Contract_Two year is lower than average; InternetService_Fiber optic is higher than average,Encourage long-term contract
TEST0427,Male,0,No,No,5,Yes,No,Fiber optic,Yes,No,Yes,No,No,No,Month-to-month,No,Bank transfer (automatic),88.6,434.94,TEST0427,No,38.06,Low,Contract_Month-to-month is higher than average; Contract_Two year is lower than average; InternetService_Fiber optic is higher than average,Encourage long-term contract
TEST0428,Female,0,Yes,No,5,Yes,Yes,DSL,No,Yes,Yes,No,Yes,No,Month-to-month,Yes,Bank transfer (automatic),66.89,319.22,TEST0428,No,46.47,Medium,Contract_Month-to-month is higher than average; InternetService_DSL is higher than average; Contract_Two year is lower than average,Encourage long-term contract
TEST0429,Male,0,No,No,2,Yes,No,No,No internet service,No internet service,No internet service,No internet service,No internet service,No internet service,Month-to-month,No,Credit card (automatic),23.17,48.0,TEST0429,No,18.55,Low,Contract_Month-to-month is higher than average; Contract_Two year is lower than average; PaymentMethod_Credit card (automatic) is higher than average,Encourage long-term contract
TEST0430,Female,0,Yes,No,25,Yes,Yes,No,No internet service,No internet service,No internet service,No internet service,No internet service,No internet service,Month-to-month,No,Mailed check,24.72,580.17,TEST0430,No,9.62,Low,Contract_Month-to-month is higher than average; Contract_Two year is lower than average; InternetService_Fiber optic is lower than average,Encourage long-term contract
TEST0431,Female,0,No,Yes,2,Yes,No,DSL,No,Yes,No,No,No,No,Two year,No,Bank transfer (automatic),53.36,95.14,TEST0431,No,8.59,Low,Contract_Two year is higher than average; Contract_Month-to-month is lower than average; InternetService_DSL is higher than average,Encourage long-term contract
TEST0432,Female,0,Yes,No,5,Yes,No,No,No internet service,No internet service,No internet service,No internet service,No internet service,No internet service,Month-to-month,Yes,Mailed check,24.54,131.81,TEST0432,No,24.25,Low,Contract_Month-to-month is higher than average; Contract_Two year is lower than average; InternetService_Fiber optic is lower than average,Encourage long-term contract
TEST0433,Female,1,No,No,6,Yes,No,Fiber optic,No,Yes,No,No,No,Yes,Month-to-month,No,Credit card (automatic),87.17,537.22,TEST0433,Yes,54.44,Medium,Contract_Month-to-month is higher than average; Contract_Two year is lower than average; InternetService_Fiber optic is higher than average,Encourage long-term contract
TEST0434,Male,0,Yes,Yes,3,Yes,No,No,No internet service,No internet service,No internet service,No internet service,No internet service,No internet service,Month-to-month,No,Mailed check,18.33,32.57,TEST0434,No,16.75,Low,Contract_Month-to-month is higher than average; Contract_Two year is lower than average; InternetService_Fiber optic is lower than average,Encourage long-term contract
TEST0435,Male,1,No,No,33,No,No phone service,Fiber optic,Yes,No,No,Yes,No,No,Two year,Yes,Electronic check,87.9,2930.11,TEST0435,No,16.63,Low,Contract_Two year is higher than average; Contract_Month-to-month is lower than average; PhoneService_Yes is lower than average,Encourage long-term contract
TEST0436,Female,0,No,No,26,Yes,No,Fiber optic,No,No,Yes,No,Yes,Yes,One year,Yes,Bank transfer (automatic),103.11,2690.21,TEST0436,No,40.49,Medium,Contract_Month-to-month is lower than average; Contract_Two year is lower than average; InternetService_Fiber optic is higher than average,Encourage long-term contract
TEST0437,Female,0,No,No,30,Yes,No,Fiber optic,No,Yes,No,No,Yes,No,Month-to-month,No,Credit card (automatic),91.44,2745.28,TEST0437,No,31.55,Low,Contract_Month-to-month is higher than average; Contract_Two year is lower than average; InternetService_Fiber optic is higher than average,Encourage long-term contract
TEST0438,Female,0,No,No,26,Yes,No,No,No internet service,No internet service,No internet service,No internet service,No internet service,No internet service,Month-to-month,No,Electronic check,19.01,511.41,TEST0438,No,9.53,Low,Contract_Month-to-month is higher than average; Contract_Two year is lower than average; PaymentMethod_Electronic check is higher than average,Encourage long-term contract
TEST0439,Male,0,Yes,No,44,Yes,Yes,Fiber optic,Yes,No,No,Yes,No,Yes,Two year,Yes,Bank transfer (automatic),92.49,4064.17,TEST0439,No,7.82,Low,Contract_Two year is higher than average; Contract_Month-to-month is lower than average; InternetService_Fiber optic is higher than average,Encourage long-term contract
TEST0440,Female,1,No,No,22,Yes,No,Fiber optic,Yes,Yes,No,Yes,Yes,No,Month-to-month,Yes,Electronic check,104.01,2274.86,TEST0440,No,40.12,Medium,Contract_Month-to-month is higher than average; Contract_Two year is lower than average; InternetService_Fiber optic is higher than average,Encourage long-term contract
TEST0441,Male,0,No,No,36,Yes,No,Fiber optic,No,No,Yes,Yes,No,Yes,Two year,No,Credit card (automatic),92.29,3305.15,TEST0441,No,7.26,Low,Contract_Two year is higher than average; Contract_Month-to-month is lower than average; InternetService_Fiber optic is higher than average,Encourage long-term contract
TEST0442,Female,0,No,No,49,Yes,No,Fiber optic,No,No,No,No,No,No,Month-to-month,Yes,Credit card (automatic),89.28,4383.77,TEST0442,No,27.37,Low,Contract_Month-to-month is higher than average; Contract_Two year is lower than average; InternetService_Fiber optic is higher than average,Encourage long-term contract
TEST0443,Female,0,No,No,4,Yes,No,Fiber optic,No,Yes,No,No,Yes,No,One year,No,Electronic check,88.76,359.47,TEST0443,No,43.35,Medium,Contract_Month-to-month is lower than average; Contract_Two year is lower than average; InternetService_Fiber optic is higher than average,Encourage long-term contract
TEST0444,Female,0,Yes,Yes,0,Yes,No,Fiber optic,No,Yes,Yes,Yes,Yes,Yes,Two year,Yes,Credit card (automatic),108.56,108.56,TEST0444,No,22.35,Low,Contract_Two year is higher than average; Contract_Month-to-month is lower than average; InternetService_Fiber optic is higher than average,Encourage long-term contract
TEST0445,Female,0,Yes,Yes,20,No,No phone service,DSL,No,No,No,No,Yes,No,Month-to-month,Yes,Credit card (automatic),50.34,1017.45,TEST0445,No,40.94,Medium,PhoneService_Yes is lower than average; Contract_Month-to-month is higher than average; InternetService_DSL is higher than average,Contact customer proactively
TEST0446,Male,0,Yes,No,4,Yes,Yes,Fiber optic,No,Yes,No,Yes,No,Yes,Month-to-month,Yes,Mailed check,107.53,442.46,TEST0446,Yes,58.52,Medium,Contract_Month-to-month is higher than average; Contract_Two year is lower than average; InternetService_Fiber optic is higher than average,Encourage long-term contract
TEST0447,Female,1,No,No,0,Yes,No,No,No internet service,No internet service,No internet service,No internet service,No internet service,No internet service,One year,No,Mailed check,21.65,21.65,TEST0447,No,14.61,Low,Contract_Month-to-month is lower than average; Contract_Two year is lower than average; SeniorCitizen is higher than average,Encourage long-term contract
TEST0448,Female,0,Yes,No,16,Yes,Yes,DSL,Yes,Yes,Yes,No,No,No,One year,Yes,Credit card (automatic),57.94,924.85,TEST0448,No,12.77,Low,Contract_Month-to-month is lower than average; InternetService_DSL is higher than average; Contract_Two year is lower than average,Encourage long-term contract
TEST0449,Female,0,No,No,7,No,No phone service,Fiber optic,No,Yes,Yes,No,No,Yes,Month-to-month,No,Mailed check,86.63,623.55,TEST0449,Yes,65.31,Medium,PhoneService_Yes is lower than average; Contract_Month-to-month is higher than average; Contract_Two year is lower than average,Contact customer proactively
TEST0450,Male,0,No,No,7,Yes,Yes,DSL,Yes,No,Yes,No,Yes,No,Two year,Yes,Mailed check,61.24,402.09,TEST0450,No,11.32,Low,Contract_Two year is higher than average; Contract_Month-to-month is lower than average; InternetService_DSL is higher than average,Encourage long-term contract
TEST0451,Female,0,No,No,4,Yes,Yes,Fiber optic,Yes,No,Yes,No,No,Yes,Two year,No,Mailed check,90.69,355.41,TEST0451,No,20.17,Low,Contract_Two year is higher than average; Contract_Month-to-month is lower than average; InternetService_Fiber optic is higher than average,Encourage long-term contract
TEST0452,Male,0,Yes,No,22,Yes,No,DSL,Yes,Yes,No,No,Yes,No,Month-to-month,Yes,Electronic check,65.3,1431.23,TEST0452,No,24.14,Low,Contract_Month-to-month is higher than average; InternetService_DSL is higher than average; Contract_Two year is lower than average,Encourage long-term contract
TEST0453,Female,0,Yes,No,12,Yes,Yes,Fiber optic,No,Yes,No,No,No,Yes,One year,No,Electronic check,85.12,1016.3,TEST0453,No,46.85,Medium,Contract_Month-to-month is lower than average; Contract_Two year is lower than average; InternetService_Fiber optic is higher than average,Encourage long-term contract
TEST0454,Male,0,Yes,No,19,Yes,Yes,No,No internet service,No internet service,No internet service,No internet service,No internet service,No internet service,Month-to-month,Yes,Electronic check,20.66,387.89,TEST0454,No,21.21,Low,Contract_Month-to-month is higher than average; Contract_Two year is lower than average; PaymentMethod_Electronic check is higher than average,Encourage long-term contract
TEST0455,Male,0,Yes,No,15,Yes,No,Fiber optic,No,No,Yes,No,No,No,Month-to-month,Yes,Electronic check,87.82,1333.02,TEST0455,Yes,59.52,Medium,Contract_Month-to-month is higher than average; Contract_Two year is lower than average; InternetService_Fiber optic is higher than average,Encourage long-term contract
TEST0456,Male,0,Yes,Yes,6,Yes,Yes,DSL,No,No,No,Yes,Yes,No,Month-to-month,No,Credit card (automatic),58.58,358.95,TEST0456,No,27.99,Low,Contract_Month-to-month is higher than average; InternetService_DSL is higher than average; Contract_Two year is lower than average,Encourage long-term contract
TEST0457,Female,0,Yes,No,0,Yes,Yes,Fiber optic,No,No,Yes,No,No,Yes,Month-to-month,No,Credit card (automatic),86.09,86.09,TEST0457,Yes,66.09,Medium,Contract_Month-to-month is higher than average; Contract_Two year is lower than average; InternetService_Fiber optic is higher than average,Encourage long-term contract
TEST0458,Male,0,No,Yes,53,Yes,No,No,No internet service,No internet service,No internet service,No internet service,No internet service,No internet service,Month-to-month,Yes,Credit card (automatic),30.2,1588.98,TEST0458,No,2.31,Low,Contract_Month-to-month is higher than average; Contract_Two year is lower than average; PaymentMethod_Credit card (automatic) is higher than average,Encourage long-term contract
TEST0459,Female,1,Yes,Yes,27,Yes,No,DSL,Yes,Yes,Yes,Yes,No,Yes,Month-to-month,Yes,Electronic check,75.95,2057.61,TEST0459,No,18.01,Low,Contract_Month-to-month is higher than average; InternetService_DSL is higher than average; Contract_Two year is lower than average,Encourage long-term contract
TEST0460,Male,0,Yes,No,36,Yes,No,No,No internet service,No internet service,No internet service,No internet service,No internet service,No internet service,Two year,No,Electronic check,29.89,1062.1,TEST0460,No,1.66,Low,Contract_Two year is higher than average; Contract_Month-to-month is lower than average; PaymentMethod_Electronic check is higher than average,Encourage long-term contract
TEST0461,Male,1,No,No,8,Yes,No,DSL,Yes,No,Yes,No,Yes,No,Month-to-month,No,Electronic check,61.96,509.44,TEST0461,No,32.96,Low,Contract_Month-to-month is higher than average; InternetService_DSL is higher than average; Contract_Two year is lower than average,Encourage long-term contract
TEST0462,Female,0,No,No,15,Yes,No,No,No internet service,No internet service,No internet service,No internet service,No internet service,No internet service,One year,No,Credit card (automatic),26.85,381.36,TEST0462,No,6.21,Low,Contract_Month-to-month is lower than average; Contract_Two year is lower than average; PaymentMethod_Credit card (automatic) is higher than average,Encourage long-term contract
TEST0463,Female,0,Yes,No,41,Yes,No,Fiber optic,No,No,No,No,Yes,No,Two year,Yes,Mailed check,83.61,3432.13,TEST0463,No,12.1,Low,Contract_Two year is higher than average; Contract_Month-to-month is lower than average; InternetService_Fiber optic is higher than average,Encourage long-term contract
TEST0464,Male,0,Yes,No,3,Yes,Yes,No,No internet service,No internet service,No internet service,No internet service,No internet service,No internet service,Month-to-month,No,Mailed check,23.21,52.09,TEST0464,No,23.18,Low,Contract_Month-to-month is higher than average; Contract_Two year is lower than average; InternetService_Fiber optic is lower than average,Encourage long-term contract
TEST0465,Male,0,No,No,13,Yes,No,DSL,Yes,Yes,No,Yes,Yes,Yes,One year,Yes,Electronic check,74.62,976.66,TEST0465,No,16.91,Low,Contract_Month-to-month is lower than average; InternetService_DSL is higher than average; Contract_Two year is lower than average,Encourage long-term contract
TEST0466,Female,0,Yes,No,9,Yes,Yes,DSL,No,No,No,No,Yes,No,One year,Yes,Bank transfer (automatic),48.56,437.48,TEST0466,No,32.6,Low,Contract_Month-to-month is lower than average; InternetService_DSL is higher than average; Contract_Two year is lower than average,Encourage long-term contract
TEST0467,Male,1,Yes,No,2,Yes,No,Fiber optic,No,No,No,No,Yes,Yes,Month-to-month,No,Electronic check,92.73,154.45,TEST0467,Yes,74.07,High,Contract_Month-to-month is higher than average; Contract_Two year is lower than average; InternetService_Fiber optic is higher than average,Encourage long-term contract
TEST0468,Female,0,Yes,Yes,18,Yes,No,DSL,No,Yes,Yes,Yes,No,No,Month-to-month,No,Bank transfer (automatic),65.65,1180.47,TEST0468,No,13.17,Low,Contract_Month-to-month is higher than average; InternetService_DSL is higher than average; Contract_Two year is lower than average,Encourage long-term contract
TEST0469,Female,0,Yes,No,28,Yes,No,Fiber optic,No,Yes,No,No,Yes,Yes,Two year,Yes,Electronic check,97.73,2720.78,TEST0469,No,25.98,Low,Contract_Two year is higher than average; Contract_Month-to-month is lower than average; InternetService_Fiber optic is higher than average,Encourage long-term contract
TEST0470,Male,1,No,No,29,Yes,Yes,Fiber optic,No,Yes,No,No,Yes,Yes,Month-to-month,No,Mailed check,98.87,2874.99,TEST0470,No,49.21,Medium,Contract_Month-to-month is higher than average; Contract_Two year is lower than average; InternetService_Fiber optic is higher than average,Encourage long-term contract
TEST0471,Female,0,Yes,No,57,No,No phone service,DSL,Yes,Yes,No,Yes,Yes,Yes,One year,No,Mailed check,70.5,4009.35,TEST0471,No,4.27,Low,Contract_Month-to-month is lower than average; PhoneService_Yes is lower than average; InternetService_DSL is higher than average,Encourage long-term contract
TEST0472,Female,0,No,No,9,Yes,Yes,DSL,No,Yes,No,Yes,Yes,Yes,Two year,Yes,Bank transfer (automatic),67.64,600.3,TEST0472,No,13.75,Low,Contract_Two year is higher than average; Contract_Month-to-month is lower than average; InternetService_DSL is higher than average,Encourage long-term contract
TEST0473,Male,0,No,No,72,No,No phone service,No,No internet service,No internet service,No internet service,No internet service,No internet service,No internet service,Two year,Yes,Electronic check,18.52,1338.08,TEST0473,No,0.6,Low,Contract_Two year is higher than average; Contract_Month-to-month is lower than average; PhoneService_Yes is lower than average,Encourage long-term contract
TEST0474,Male,0,Yes,No,10,Yes,Yes,DSL,No,No,Yes,No,No,No,Month-to-month,Yes,Bank transfer (automatic),56.15,569.59,TEST0474,No,41.22,Medium,Contract_Month-to-month is higher than average; InternetService_DSL is higher than average; Contract_Two year is lower than average,Encourage long-term contract
TEST0475,Female,0,Yes,No,31,Yes,No,Fiber optic,No,Yes,Yes,No,No,No,Month-to-month,Yes,Credit card (automatic),95.89,2966.88,TEST0475,No,35.92,Low,Contract_Month-to-month is higher than average; Contract_Two year is lower than average; InternetService_Fiber optic is higher than average,Encourage long-term contract
TEST0476,Male,0,Yes,No,0,Yes,Yes,Fiber optic,No,No,No,Yes,Yes,Yes,Month-to-month,Yes,Bank transfer (automatic),93.23,93.23,TEST0476,Yes,70.36,High,Contract_Month-to-month is higher than average; Contract_Two year is lower than average; InternetService_Fiber optic is higher than average,Encourage long-term contract
TEST0477,Male,0,Yes,No,4,Yes,Yes,Fiber optic,No,No,Yes,No,No,No,Month-to-month,Yes,Bank transfer (automatic),85.69,329.19,TEST0477,Yes,65.08,Medium,Contract_Month-to-month is higher than average; Contract_Two year is lower than average; InternetService_Fiber optic is higher than average,Encourage long-term contract
TEST0478,Female,1,No,No,0,Yes,No,DSL,No,Yes,Yes,Yes,Yes,Yes,Month-to-month,Yes,Mailed check,71.28,71.28,TEST0478,No,44.48,Medium,Contract_Month-to-month is higher than average; InternetService_DSL is higher than average; Contract_Two year is lower than average,Encourage long-term contract
TEST0479,Male,0,Yes,Yes,1,Yes,Yes,DSL,No,No,Yes,No,No,No,Two year,Yes,Electronic check,61.77,61.77,TEST0479,No,21.88,Low,Contract_Two year is higher than average; Contract_Month-to-month is lower than average; InternetService_DSL is higher than average,Encourage long-term contract
TEST0480,Female,0,Yes,No,15,Yes,No,No,No internet service,No internet service,No internet service,No internet service,No internet service,No internet service,One year,Yes,Mailed check,24.21,395.3,TEST0480,No,9.33,Low,Contract_Month-to-month is lower than average; Contract_Two year is lower than average; InternetService_Fiber optic is lower than average,Encourage long-term contract
TEST0481,Female,1,No,No,34,Yes,Yes,No,No internet service,No internet service,No internet service,No internet service,No internet service,No internet service,One year,Yes,Credit card (automatic),23.12,779.93,TEST0481,No,5.01,Low,Contract_Month-to-month is lower than average; Contract_Two year is lower than average; SeniorCitizen is higher than average,Encourage long-term contract
TEST0482,Female,0,No,No,14,Yes,No,DSL,Yes,No,Yes,No,No,Yes,Month-to-month,Yes,Bank transfer (automatic),70.57,995.81,TEST0482,No,29.0,Low,Contract_Month-to-month is higher than average; InternetService_DSL is higher than average; Contract_Two year is lower than average,Encourage long-term contract
TEST0483,Male,0,Yes,No,19,Yes,No,DSL,No,No,No,No,No,Yes,Month-to-month,Yes,Mailed check,44.8,863.86,TEST0483,No,32.26,Low,Contract_Month-to-month is higher than average; InternetService_DSL is higher than average; Contract_Two year is lower than average,Encourage long-term contract
TEST0484,Male,0,No,No,18,Yes,Yes,DSL,Yes,No,Yes,No,No,Yes,One year,Yes,Electronic check,64.03,1158.14,TEST0484,No,22.95,Low,Contract_Month-to-month is lower than average; InternetService_DSL is higher than average; Contract_Two year is lower than average,Encourage long-term contract
TEST0485,Female,0,Yes,No,23,No,No phone service,Fiber optic,No,Yes,No,Yes,No,Yes,One year,Yes,Electronic check,97.32,2197.79,TEST0485,No,49.39,Medium,Contract_Month-to-month is lower than average; PhoneService_Yes is lower than average; Contract_Two year is lower than average,Encourage long-term contract
TEST0486,Male,0,Yes,No,12,Yes,Yes,Fiber optic,No,Yes,No,No,No,Yes,Two year,No,Electronic check,90.62,1079.26,TEST0486,No,28.03,Low,Contract_Two year is higher than average; Contract_Month-to-month is lower than average; InternetService_Fiber optic is higher than average,Encourage long-term contract
TEST0487,Male,1,No,No,44,Yes,No,Fiber optic,No,No,No,No,Yes,Yes,Two year,No,Electronic check,98.27,4338.01,TEST0487,No,17.55,Low,Contract_Two year is higher than average; Contract_Month-to-month is lower than average; InternetService_Fiber optic is higher than average,Encourage long-term contract
TEST0488,Female,0,No,No,0,Yes,No,No,No internet service,No internet service,No internet service,No internet service,No internet service,No internet service,Month-to-month,No,Electronic check,29.71,29.71,TEST0488,No,28.49,Low,Contract_Month-to-month is higher than average; Contract_Two year is lower than average; PaymentMethod_Electronic check is higher than average,Encourage long-term contract
TEST0489,Male,0,No,Yes,38,Yes,No,No,No internet service,No internet service,No internet service,No internet service,No internet service,No internet service,One year,Yes,Mailed check,25.63,990.0,TEST0489,No,2.48,Low,Contract_Month-to-month is lower than average; Contract_Two year is lower than average; InternetService_Fiber optic is lower than average,Encourage long-term contract
TEST0490,Male,0,No,No,31,Yes,No,No,No internet service,No internet service,No internet service,No internet service,No internet service,No internet service,Month-to-month,Yes,Bank transfer (automatic),28.99,915.6,TEST0490,No,7.94,Low,Contract_Month-to-month is higher than average; Contract_Two year is lower than average; InternetService_Fiber optic is lower than average,Encourage long-term contract
TEST0491,Male,0,Yes,No,7,Yes,Yes,Fiber optic,No,No,Yes,No,No,No,Month-to-month,No,Credit card (automatic),84.62,580.23,TEST0491,Yes,52.75,Medium,Contract_Month-to-month is higher than average; Contract_Two year is lower than average; InternetService_Fiber optic is higher than average,Encourage long-term contract
TEST0492,Male,0,No,No,3,Yes,No,No,No internet service,No internet service,No internet service,No internet service,No internet service,No internet service,Month-to-month,No,Credit card (automatic),20.74,87.14,TEST0492,No,17.89,Low,Contract_Month-to-month is higher than average; Contract_Two year is lower than average; PaymentMethod_Credit card (automatic) is higher than average,Encourage long-term contract
TEST0493,Female,0,No,No,2,No,No phone service,No,No internet service,No internet service,No internet service,No internet service,No internet service,No internet service,Month-to-month,Yes,Electronic check,20.08,42.53,TEST0493,No,48.91,Medium,PhoneService_Yes is lower than average; Contract_Month-to-month is higher than average; Contract_Two year is lower than average,Contact customer proactively
TEST0494,Female,0,No,No,4,Yes,No,No,No internet service,No internet service,No internet service,No internet service,No internet service,No internet service,Month-to-month,Yes,Credit card (automatic),24.52,111.88,TEST0494,No,23.37,Low,Contract_Month-to-month is higher than average; Contract_Two year is lower than average; PaymentMethod_Credit card (automatic) is higher than average,Encourage long-term contract
TEST0495,Male,1,Yes,Yes,5,Yes,No,DSL,Yes,No,Yes,Yes,Yes,Yes,Month-to-month,Yes,Credit card (automatic),78.98,387.6,TEST0495,No,29.46,Low,Contract_Month-to-month is higher than average; InternetService_DSL is higher than average; Contract_Two year is lower than average,Encourage long-term contract
TEST0496,Male,0,No,No,0,Yes,No,Fiber optic,No,No,Yes,No,No,Yes,Month-to-month,No,Electronic check,82.13,82.13,TEST0496,Yes,67.41,Medium,Contract_Month-to-month is higher than average; Contract_Two year is lower than average; InternetService_Fiber optic is higher than average,Encourage long-term contract
TEST0497,Male,0,No,No,11,Yes,No,Fiber optic,No,Yes,No,No,No,No,Month-to-month,No,Bank transfer (automatic),80.83,895.71,TEST0497,No,40.6,Medium,Contract_Month-to-month is higher than average; Contract_Two year is lower than average; InternetService_Fiber optic is higher than average,Encourage long-term contract
TEST0498,Male,1,Yes,No,26,Yes,Yes,Fiber optic,Yes,No,No,No,No,No,Two year,Yes,Electronic check,87.46,2277.9,TEST0498,No,19.89,Low,Contract_Two year is higher than average; Contract_Month-to-month is lower than average; InternetService_Fiber optic is higher than average,Encourage long-term contract
TEST0499,Female,0,No,No,12,Yes,No,No,No internet service,No internet service,No internet service,No internet service,No internet service,No internet service,One year,Yes,Mailed check,18.18,232.51,TEST0499,No,9.92,Low,Contract_Month-to-month is lower than average; Contract_Two year is lower than average; InternetService_Fiber optic is lower than average,Encourage long-term contract
TEST0500,Female,0,No,No,12,Yes,No,Fiber optic,No,No,Yes,Yes,No,No,Month-to-month,Yes,Electronic check,90.8,1087.01,TEST0500,Yes,52.52,Medium,Contract_Month-to-month is higher than average; Contract_Two year is lower than average; InternetService_Fiber optic is higher than average,Encourage long-term contract
TEST0501,Female,0,Yes,No,56,No,No phone service,No,No internet service,No internet service,No internet service,No internet service,No internet service,No internet service,Two year,Yes,Bank transfer (automatic),18.26,1049.7,TEST0501,No,1.09,Low,Contract_Two year is higher than average; Contract_Month-to-month is lower than average; PhoneService_Yes is lower than average,Encourage long-term contract
TEST0502,Male,0,Yes,No,25,Yes,Yes,Fiber optic,No,No,No,No,No,No,Two year,Yes,Electronic check,75.94,1898.98,TEST0502,No,24.03,Low,Contract_Two year is higher than average; Contract_Month-to-month is lower than average; InternetService_Fiber optic is higher than average,Encourage long-term contract
TEST0503,Male,1,No,No,24,Yes,No,No,No internet service,No internet service,No internet service,No internet service,No internet service,No internet service,One year,No,Electronic check,18.1,451.74,TEST0503,No,6.34,Low,Contract_Month-to-month is lower than average; Contract_Two year is lower than average; SeniorCitizen is higher than average,Encourage long-term contract
TEST0504,Female,0,No,No,12,Yes,Yes,DSL,Yes,No,Yes,No,Yes,No,Month-to-month,Yes,Electronic check,70.71,873.9,TEST0504,No,41.0,Medium,Contract_Month-to-month is higher than average; InternetService_DSL is higher than average; Contract_Two year is lower than average,Encourage long-term contract
TEST0505,Male,0,Yes,No,0,Yes,No,Fiber optic,No,No,No,Yes,No,No,Month-to-month,Yes,Mailed check,91.68,91.68,TEST0505,Yes,54.3,Medium,Contract_Month-to-month is higher than average; Contract_Two year is lower than average; InternetService_Fiber optic is higher than average,Encourage long-term contract
TEST0506,Male,0,No,Yes,26,Yes,No,DSL,No,No,Yes,No,Yes,Yes,Month-to-month,Yes,Mailed check,63.75,1674.95,TEST0506,No,26.74,Low,Contract_Month-to-month is higher than average; InternetService_DSL is higher than average; Contract_Two year is lower than average,Encourage long-term contract
TEST0507,Female,0,Yes,Yes,13,Yes,Yes,DSL,Yes,Yes,Yes,No,No,No,Month-to-month,Yes,Electronic check,51.71,673.36,TEST0507,No,28.11,Low,Contract_Month-to-month is higher than average; InternetService_DSL is higher than average; Contract_Two year is lower than average,Encourage long-term contract
TEST0508,Female,0,No,No,15,No,No phone service,Fiber optic,No,No,No,Yes,Yes,Yes,Month-to-month,No,Mailed check,96.7,1464.9,TEST0508,Yes,61.3,Medium,PhoneService_Yes is lower than average; Contract_Month-to-month is higher than average; Contract_Two year is lower than average,Contact customer proactively
TEST0509,Male,0,Yes,No,6,Yes,Yes,No,No internet service,No internet service,No internet service,No internet service,No internet service,No internet service,Month-to-month,Yes,Mailed check,27.74,132.06,TEST0509,No,26.69,Low,Contract_Month-to-month is higher than average; Contract_Two year is lower than average; InternetService_Fiber optic is lower than average,Encourage long-term contract
TEST0510,Female,0,Yes,No,30,Yes,No,DSL,No,No,No,Yes,No,No,Month-to-month,No,Electronic check,56.42,1694.45,TEST0510,No,15.72,Low,Contract_Month-to-month is higher than average; InternetService_DSL is higher than average; Contract_Two year is lower than average,Encourage long-term contract
TEST0511,Female,1,No,Yes,17,Yes,Yes,No,No internet service,No internet service,No internet service,No internet service,No internet service,No internet service,Month-to-month,No,Mailed check,21.56,370.05,TEST0511,No,12.93,Low,Contract_Month-to-month is higher than average; Contract_Two year is lower than average; SeniorCitizen is higher than average,Encourage long-term contract
TEST0512,Female,0,No,No,22,Yes,No,Fiber optic,No,No,Yes,No,Yes,No,Month-to-month,No,Electronic check,89.89,1967.5,TEST0512,No,49.93,Medium,Contract_Month-to-month is higher than average; Contract_Two year is lower than average; InternetService_Fiber optic is higher than average,Encourage long-term contract
TEST0513,Male,0,No,No,66,No,No phone service,Fiber optic,No,Yes,Yes,No,Yes,Yes,One year,Yes,Credit card (automatic),100.14,6585.12,TEST0513,No,23.97,Low,Contract_Month-to-month is lower than average; PhoneService_Yes is lower than average; Contract_Two year is lower than average,Encourage long-term contract
TEST0514,Male,0,No,Yes,68,Yes,No,Fiber optic,No,No,No,No,No,No,Two year,No,Bank transfer (automatic),78.76,5361.75,TEST0514,No,2.53,Low,Contract_Two year is higher than average; Contract_Month-to-month is lower than average; InternetService_Fiber optic is higher than average,Encourage long-term contract
TEST0515,Female,0,Yes,No,22,Yes,Yes,No,No internet service,No internet service,No internet service,No internet service,No internet service,No internet service,Two year,No,Mailed check,29.44,652.11,TEST0515,No,2.99,Low,Contract_Two year is higher than average; Contract_Month-to-month is lower than average; InternetService_Fiber optic is lower than average,Encourage long-term contract
TEST0516,Female,1,Yes,Yes,4,Yes,No,Fiber optic,Yes,No,Yes,Yes,No,Yes,One year,No,Electronic check,103.41,420.48,TEST0516,No,31.41,Low,Contract_Month-to-month is lower than average; Contract_Two year is lower than average; InternetService_Fiber optic is higher than average,Encourage long-term contract
TEST0517,Male,1,No,No,12,Yes,No,Fiber optic,No,Yes,No,Yes,Yes,No,Month-to-month,No,Bank transfer (automatic),97.08,1185.92,TEST0517,No,39.81,Low,Contract_Month-to-month is higher than average; Contract_Two year is lower than average; InternetService_Fiber optic is higher than average,Encourage long-term contract
TEST0518,Female,0,Yes,Yes,21,Yes,Yes,Fiber optic,No,Yes,No,No,Yes,No,One year,No,Mailed check,93.23,1955.48,TEST0518,No,27.34,Low,Contract_Month-to-month is lower than average; Contract_Two year is lower than average; InternetService_Fiber optic is higher than average,Encourage long-term contract
TEST0519,Female,0,Yes,No,27,Yes,No,DSL,No,No,Yes,No,Yes,Yes,Month-to-month,No,Credit card (automatic),71.9,1978.63,TEST0519,No,25.23,Low,Contract_Month-to-month is higher than average; InternetService_DSL is higher than average; Contract_Two year is lower than average,Encourage long-term contract
TEST0520,Male,0,No,No,8,Yes,Yes,DSL,Yes,Yes,Yes,No,Yes,No,Month-to-month,No,Mailed check,72.7,552.63,TEST0520,No,23.52,Low,Contract_Month-to-month is higher than average; InternetService_DSL is higher than average; Contract_Two year is lower than average,Encourage long-term contract
TEST0521,Male,0,No,No,3,Yes,Yes,DSL,No,Yes,No,No,No,No,Month-to-month,No,Electronic check,48.15,118.69,TEST0521,No,42.22,Medium,Contract_Month-to-month is higher than average; InternetService_DSL is higher than average; Contract_Two year is lower than average,Encourage long-term contract
TEST0522,Female,0,Yes,No,20,No,No phone service,Fiber optic,No,No,Yes,Yes,No,No,Two year,Yes,Electronic check,87.64,1760.71,TEST0522,No,29.42,Low,Contract_Two year is higher than average; Contract_Month-to-month is lower than average; PhoneService_Yes is lower than average,Encourage long-term contract
TEST0523,Female,0,Yes,No,7,No,No phone service,Fiber optic,No,Yes,No,Yes,No,No,Month-to-month,Yes,Electronic check,86.7,612.42,TEST0523,Yes,68.83,Medium,PhoneService_Yes is lower than average; Contract_Month-to-month is higher than average; Contract_Two year is lower than average,Contact customer proactively
TEST0524,Female,0,Yes,No,9,Yes,Yes,No,No internet service,No internet service,No internet service,No internet service,No internet service,No internet service,Month-to-month,No,Mailed check,24.91,212.47,TEST0524,No,19.14,Low,Contract_Month-to-month is higher than average; Contract_Two year is lower than average; InternetService_Fiber optic is lower than average,Encourage long-term contract
TEST0525,Female,1,Yes,No,58,Yes,No,Fiber optic,No,Yes,Yes,Yes,Yes,No,Two year,Yes,Mailed check,105.62,6110.38,TEST0525,No,6.91,Low,Contract_Two year is higher than average; Contract_Month-to-month is lower than average; InternetService_Fiber optic is higher than average,Encourage long-term contract
TEST0526,Female,0,Yes,Yes,15,Yes,No,No,No internet service,No internet service,No internet service,No internet service,No internet service,No internet service,Two year,No,Mailed check,27.99,424.32,TEST0526,No,2.79,Low,Contract_Two year is higher than average; Contract_Month-to-month is lower than average; InternetService_Fiber optic is lower than average,Encourage long-term contract
TEST0527,Male,1,No,No,28,No,No phone service,DSL,No,No,No,Yes,No,No,One year,No,Mailed check,50.72,1430.85,TEST0527,No,12.46,Low,Contract_Month-to-month is lower than average; PhoneService_Yes is lower than average; InternetService_DSL is higher than average,Encourage long-term contract
TEST0528,Female,1,No,No,12,Yes,Yes,Fiber optic,No,No,No,Yes,No,Yes,Month-to-month,No,Bank transfer (automatic),86.84,1067.39,TEST0528,Yes,53.58,Medium,Contract_Month-to-month is higher than average; Contract_Two year is lower than average; InternetService_Fiber optic is higher than average,Encourage long-term contract
TEST0529,Male,0,No,No,5,Yes,Yes,Fiber optic,Yes,Yes,Yes,No,Yes,No,Month-to-month,No,Mailed check,104.7,525.6,TEST0529,No,42.35,Medium,Contract_Month-to-month is higher than average; Contract_Two year is lower than average; InternetService_Fiber optic is higher than average,Encourage long-term contract
TEST0530,Male,0,Yes,No,2,Yes,No,Fiber optic,No,Yes,No,No,No,Yes,Two year,No,Credit card (automatic),91.98,177.71,TEST0530,No,21.58,Low,Contract_Two year is higher than average; Contract_Month-to-month is lower than average; InternetService_Fiber optic is higher than average,Encourage long-term contract
TEST0531,Female,0,No,No,50,Yes,No,Fiber optic,No,Yes,No,No,Yes,Yes,Two year,No,Electronic check,101.51,5101.09,TEST0531,No,12.31,Low,Contract_Two year is higher than average; Contract_Month-to-month is lower than average; InternetService_Fiber optic is higher than average,Encourage long-term contract
TEST0532,Female,0,No,No,3,Yes,No,Fiber optic,Yes,No,No,No,No,Yes,Month-to-month,Yes,Electronic check,90.67,283.56,TEST0532,Yes,64.41,Medium,Contract_Month-to-month is higher than average; Contract_Two year is lower than average; InternetService_Fiber optic is higher than average,Encourage long-term contract
TEST0533,Female,0,Yes,No,9,Yes,Yes,DSL,No,No,Yes,Yes,Yes,Yes,Month-to-month,Yes,Credit card (automatic),78.28,693.87,TEST0533,No,43.57,Medium,Contract_Month-to-month is higher than average; InternetService_DSL is higher than average; Contract_Two year is lower than average,Encourage long-term contract
TEST0534,Male,0,No,No,6,Yes,No,DSL,No,No,No,No,No,Yes,Month-to-month,Yes,Electronic check,51.47,292.07,TEST0534,Yes,53.1,Medium,Contract_Month-to-month is higher than average; InternetService_DSL is higher than average; Contract_Two year is lower than average,Encourage long-term contract
TEST0535,Male,0,Yes,Yes,39,No,No phone service,Fiber optic,Yes,No,No,No,No,No,Two year,No,Bank transfer (automatic),77.72,3066.02,TEST0535,No,7.89,Low,Contract_Two year is higher than average; Contract_Month-to-month is lower than average; PhoneService_Yes is lower than average,Encourage long-term contract
TEST0536,Male,0,No,No,18,Yes,No,No,No internet service,No internet service,No internet service,No internet service,No internet service,No internet service,Two year,No,Credit card (automatic),23.91,423.42,TEST0536,No,2.4,Low,Contract_Two year is higher than average; Contract_Month-to-month is lower than average; PaymentMethod_Credit card (automatic) is higher than average,Encourage long-term contract
TEST0537,Male,0,Yes,Yes,4,Yes,No,No,No internet service,No internet service,No internet service,No internet service,No internet service,No internet service,Month-to-month,Yes,Mailed check,26.82,133.61,TEST0537,No,21.48,Low,Contract_Month-to-month is higher than average; Contract_Two year is lower than average; InternetService_Fiber optic is lower than average,Encourage long-term contract
TEST0538,Female,0,Yes,No,11,Yes,No,DSL,No,No,No,Yes,No,No,Month-to-month,Yes,Credit card (automatic),59.65,667.61,TEST0538,No,27.3,Low,Contract_Month-to-month is higher than average; InternetService_DSL is higher than average; Contract_Two year is lower than average,Encourage long-term contract
TEST0539,Male,0,Yes,No,30,Yes,No,Fiber optic,Yes,No,No,No,Yes,Yes,One year,No,Electronic check,90.46,2688.61,TEST0539,No,26.33,Low,Contract_Month-to-month is lower than average; Contract_Two year is lower than average; InternetService_Fiber optic is higher than average,Encourage long-term contract
TEST0540,Male,0,No,No,1,Yes,No,DSL,No,No,No,No,Yes,Yes,Month-to-month,Yes,Mailed check,63.27,72.2,TEST0540,Yes,53.4,Medium,Contract_Month-to-month is higher than average; InternetService_DSL is higher than average; Contract_Two year is lower than average,Encourage long-term contract
TEST0541,Female,0,No,No,1,Yes,No,Fiber optic,No,No,Yes,Yes,Yes,No,Month-to-month,No,Electronic check,97.17,100.21,TEST0541,Yes,56.06,Medium,Contract_Month-to-month is higher than average; Contract_Two year is lower than average; InternetService_Fiber optic is higher than average,Encourage long-term contract
TEST0542,Male,0,No,No,72,Yes,No,Fiber optic,Yes,Yes,No,No,Yes,No,One year,Yes,Electronic check,95.19,6836.12,TEST0542,No,8.88,Low,Contract_Month-to-month is lower than average; Contract_Two year is lower than average; InternetService_Fiber optic is higher than average,Encourage long-term contract
TEST0543,Female,0,Yes,No,2,Yes,Yes,DSL,Yes,No,No,No,Yes,No,Month-to-month,Yes,Bank transfer (automatic),64.91,160.67,TEST0543,No,44.33,Medium,Contract_Month-to-month is higher than average; InternetService_DSL is higher than average; Contract_Two year is lower than average,Encourage long-term contract
TEST0544,Female,0,No,No,28,Yes,Yes,DSL,No,Yes,Yes,No,Yes,Yes,Month-to-month,Yes,Mailed check,68.13,1925.36,TEST0544,No,31.13,Low,Contract_Month-to-month is higher than average; InternetService_DSL is higher than average; Contract_Two year is lower than average,Encourage long-term contract
TEST0545,Female,0,No,No,13,Yes,Yes,Fiber optic,No,Yes,No,Yes,No,Yes,Month-to-month,Yes,Electronic check,100.48,1320.75,TEST0545,Yes,61.24,Medium,Contract_Month-to-month is higher than average; Contract_Two year is lower than average; InternetService_Fiber optic is higher than average,Encourage long-term contract
TEST0546,Male,0,Yes,No,28,Yes,Yes,No,No internet service,No internet service,No internet service,No internet service,No internet service,No internet service,Two year,No,Credit card (automatic),22.76,632.6,TEST0546,No,1.95,Low,Contract_Two year is higher than average; Contract_Month-to-month is lower than average; PaymentMethod_Credit card (automatic) is higher than average,Encourage long-term contract
TEST0547,Male,0,Yes,Yes,33,Yes,Yes,DSL,No,No,No,Yes,No,Yes,Two year,Yes,Bank transfer (automatic),70.12,2303.53,TEST0547,No,5.73,Low,Contract_Two year is higher than average; Contract_Month-to-month is lower than average; InternetService_DSL is higher than average,Encourage long-term contract
TEST0548,Male,0,No,No,11,Yes,Yes,Fiber optic,Yes,Yes,No,No,Yes,No,Month-to-month,Yes,Mailed check,97.45,1098.72,TEST0548,No,47.81,Medium,Contract_Month-to-month is higher than average; Contract_Two year is lower than average; InternetService_Fiber optic is higher than average,Encourage long-term contract
TEST0549,Female,0,No,No,42,Yes,Yes,Fiber optic,No,Yes,Yes,No,No,Yes,One year,Yes,Electronic check,103.04,4342.64,TEST0549,No,35.7,Low,Contract_Month-to-month is lower than average; Contract_Two year is lower than average; InternetService_Fiber optic is higher than average,Encourage long-term contract
TEST0550,Male,0,No,No,10,Yes,No,DSL,Yes,Yes,Yes,No,No,Yes,Two year,No,Bank transfer (automatic),76.23,769.36,TEST0550,No,5.98,Low,Contract_Two year is higher than average; Contract_Month-to-month is lower than average; InternetService_DSL is higher than average,Encourage long-term contract
TEST0551,Female,0,No,No,51,Yes,No,DSL,No,No,Yes,No,No,No,One year,No,Electronic check,58.09,2947.38,TEST0551,No,5.38,Low,Contract_Month-to-month is lower than average; InternetService_DSL is higher than average; Contract_Two year is lower than average,Encourage long-term contract
TEST0552,Female,0,No,No,1,Yes,Yes,Fiber optic,Yes,Yes,No,No,Yes,Yes,Month-to-month,No,Mailed check,103.51,103.51,TEST0552,Yes,53.7,Medium,Contract_Month-to-month is higher than average; Contract_Two year is lower than average; InternetService_Fiber optic is higher than average,Encourage long-term contract
TEST0553,Male,0,Yes,No,1,Yes,Yes,No,No internet service,No internet service,No internet service,No internet service,No internet service,No internet service,Month-to-month,No,Electronic check,18.0,18.0,TEST0553,No,32.42,Low,Contract_Month-to-month is higher than average; Contract_Two year is lower than average; PaymentMethod_Electronic check is higher than average,Encourage long-term contract
TEST0554,Male,0,No,No,32,Yes,Yes,No,No internet service,No internet service,No internet service,No internet service,No internet service,No internet service,Month-to-month,No,Credit card (automatic),26.59,853.43,TEST0554,No,6.26,Low,Contract_Month-to-month is higher than average; Contract_Two year is lower than average; PaymentMethod_Credit card (automatic) is higher than average,Encourage long-term contract
TEST0555,Male,1,Yes,Yes,15,No,No phone service,Fiber optic,No,No,No,Yes,No,No,Two year,No,Electronic check,79.56,1199.91,TEST0555,No,24.92,Low,Contract_Two year is higher than average; Contract_Month-to-month is lower than average; PhoneService_Yes is lower than average,Encourage long-term contract
TEST0556,Male,1,Yes,No,0,Yes,No,DSL,Yes,Yes,No,No,No,No,Month-to-month,Yes,Electronic check,57.79,57.79,TEST0556,No,42.36,Medium,Contract_Month-to-month is higher than average; InternetService_DSL is higher than average; Contract_Two year is lower than average,Encourage long-term contract
TEST0557,Male,1,Yes,No,59,No,No phone service,DSL,No,No,Yes,No,Yes,Yes,One year,Yes,Mailed check,58.57,3463.39,TEST0557,No,12.34,Low,Contract_Month-to-month is lower than average; PhoneService_Yes is lower than average; InternetService_DSL is higher than average,Encourage long-term contract
TEST0558,Male,0,Yes,No,20,No,No phone service,DSL,No,Yes,No,Yes,Yes,No,One year,Yes,Electronic check,72.16,1430.08,TEST0558,No,27.82,Low,Contract_Month-to-month is lower than average; PhoneService_Yes is lower than average; InternetService_DSL is higher than average,Encourage long-term contract
TEST0559,Female,0,Yes,No,9,Yes,Yes,No,No internet service,No internet service,No internet service,No internet service,No internet service,No internet service,Month-to-month,Yes,Mailed check,18.96,161.66,TEST0559,No,24.64,Low,Contract_Month-to-month is higher than average; Contract_Two year is lower than average; InternetService_Fiber optic is lower than average,Encourage long-term contract
TEST0560,Female,0,No,No,4,Yes,No,Fiber optic,No,Yes,No,Yes,Yes,No,Month-to-month,Yes,Electronic check,94.16,384.63,TEST0560,Yes,58.56,Medium,Contract_Month-to-month is higher than average; Contract_Two year is lower than average; InternetService_Fiber optic is higher than average,Encourage long-term contract
TEST0561,Female,0,No,No,7,Yes,Yes,Fiber optic,No,Yes,No,Yes,No,Yes,One year,Yes,Bank transfer (automatic),93.28,688.43,TEST0561,No,41.14,Medium,Contract_Month-to-month is lower than average; Contract_Two year is lower than average; InternetService_Fiber optic is higher than average,Encourage long-term contract
TEST0562,Male,0,Yes,Yes,45,Yes,Yes,Fiber optic,No,Yes,Yes,No,Yes,Yes,One year,No,Electronic check,102.78,4611.51,TEST0562,No,26.6,Low,Contract_Month-to-month is lower than average; Contract_Two year is lower than average; InternetService_Fiber optic is higher than average,Encourage long-term contract
TEST0563,Male,0,No,No,0,Yes,No,Fiber optic,No,No,Yes,No,Yes,No,One year,Yes,Electronic check,87.75,87.75,TEST0563,Yes,57.78,Medium,Contract_Month-to-month is lower than average; Contract_Two year is lower than average; InternetService_Fiber optic is higher than average,Encourage long-term contract
TEST0564,Female,0,Yes,No,72,Yes,No,Fiber optic,No,No,No,No,No,Yes,One year,Yes,Electronic check,85.97,6164.76,TEST0564,No,15.86,Low,Contract_Month-to-month is lower than average; Contract_Two year is lower than average; InternetService_Fiber optic is higher than average,Encourage long-term contract
TEST0565,Female,0,No,No,48,No,No phone service,DSL,Yes,Yes,No,No,No,Yes,One year,Yes,Electronic check,60.58,2908.5,TEST0565,No,11.17,Low,Contract_Month-to-month is lower than average; PhoneService_Yes is lower than average; InternetService_DSL is higher than average,Encourage long-term contract
TEST0566,Male,0,No,No,36,No,No phone service,Fiber optic,No,No,Yes,No,No,No,Two year,Yes,Mailed check,80.01,2902.24,TEST0566,No,17.9,Low,Contract_Two year is higher than average; Contract_Month-to-month is lower than average; PhoneService_Yes is lower than average,Encourage long-term contract
TEST0567,Female,0,Yes,Yes,6,Yes,No,No,No internet service,No internet service,No internet service,No internet service,No internet service,No internet service,Month-to-month,Yes,Bank transfer (automatic),21.6,124.87,TEST0567,No,21.05,Low,Contract_Month-to-month is higher than average; Contract_Two year is lower than average; InternetService_Fiber optic is lower than average,Encourage long-term contract
TEST0568,Female,1,No,No,29,Yes,Yes,No,No internet service,No internet service,No internet service,No internet service,No internet service,No internet service,Month-to-month,No,Mailed check,25.77,748.23,TEST0568,No,9.0,Low,Contract_Month-to-month is higher than average; Contract_Two year is lower than average; SeniorCitizen is higher than average,Encourage long-term contract
TEST0569,Male,0,No,No,48,Yes,Yes,DSL,No,Yes,No,No,No,No,Two year,Yes,Electronic check,59.37,2838.31,TEST0569,No,4.14,Low,Contract_Two year is higher than average; Contract_Month-to-month is lower than average; InternetService_DSL is higher than average,Encourage long-term contract
TEST0570,Female,0,Yes,Yes,21,Yes,Yes,Fiber optic,No,No,No,No,Yes,No,Month-to-month,No,Credit card (automatic),83.41,1759.15,TEST0570,No,44.19,Medium,Contract_Month-to-month is higher than average; Contract_Two year is lower than average; InternetService_Fiber optic is higher than average,Encourage long-term contract
TEST0571,Male,0,Yes,No,38,Yes,No,No,No internet service,No internet service,No internet service,No internet service,No internet service,No internet service,Two year,Yes,Credit card (automatic),22.83,890.59,TEST0571,No,1.32,Low,Contract_Two year is higher than average; Contract_Month-to-month is lower than average; PaymentMethod_Credit card (automatic) is higher than average,Encourage long-term contract
TEST0572,Female,0,No,No,11,Yes,Yes,DSL,Yes,Yes,No,Yes,No,No,Two year,Yes,Electronic check,66.25,722.03,TEST0572,No,7.84,Low,Contract_Two year is higher than average; Contract_Month-to-month is lower than average; InternetService_DSL is higher than average,Encourage long-term contract
TEST0573,Female,0,Yes,No,24,Yes,No,Fiber optic,No,No,Yes,No,No,No,Two year,Yes,Bank transfer (automatic),82.61,1985.75,TEST0573,No,16.47,Low,Contract_Two year is higher than average; Contract_Month-to-month is lower than average; InternetService_Fiber optic is higher than average,Encourage long-term contract
TEST0574,Female,0,No,Yes,0,Yes,Yes,DSL,Yes,Yes,No,No,No,No,Month-to-month,Yes,Electronic check,66.09,66.09,TEST0574,No,40.19,Medium,Contract_Month-to-month is higher than average; InternetService_DSL is higher than average; Contract_Two year is lower than average,Encourage long-term contract
TEST0575,Male,0,No,No,37,Yes,No,DSL,No,No,No,Yes,Yes,Yes,Two year,No,Credit card (automatic),63.33,2353.02,TEST0575,No,3.23,Low,Contract_Two year is higher than average; Contract_Month-to-month is lower than average; InternetService_DSL is higher than average,Encourage long-term contract
TEST0576,Female,0,No,No,24,Yes,No,DSL,No,No,No,Yes,Yes,Yes,Two year,Yes,Electronic check,68.41,1661.8,TEST0576,No,11.06,Low,Contract_Two year is higher than average; Contract_Month-to-month is lower than average; InternetService_DSL is higher than average,Encourage long-term contract
TEST0577,Female,0,Yes,No,13,Yes,No,Fiber optic,Yes,No,No,No,Yes,No,Month-to-month,Yes,Bank transfer (automatic),90.52,1188.36,TEST0577,No,48.35,Medium,Contract_Month-to-month is higher than average; Contract_Two year is lower than average; InternetService_Fiber optic is higher than average,Encourage long-term contract
TEST0578,Female,0,No,Yes,0,Yes,Yes,DSL,Yes,Yes,No,Yes,No,Yes,Two year,No,Bank transfer (automatic),78.43,78.43,TEST0578,No,6.92,Low,Contract_Two year is higher than average; Contract_Month-to-month is lower than average; InternetService_DSL is higher than average,Encourage long-term contract
TEST0579,Female,0,No,No,22,No,No phone service,No,No internet service,No internet service,No internet service,No internet service,No internet service,No internet service,Month-to-month,Yes,Bank transfer (automatic),20.23,461.7,TEST0579,No,20.18,Low,PhoneService_Yes is lower than average; Contract_Month-to-month is higher than average; Contract_Two year is lower than average,Contact customer proactively
TEST0580,Male,0,Yes,No,34,Yes,Yes,DSL,No,No,No,No,No,Yes,One year,Yes,Mailed check,56.1,1930.38,TEST0580,No,15.67,Low,Contract_Month-to-month is lower than average; InternetService_DSL is higher than average; Contract_Two year is lower than average,Encourage long-term contract
TEST0581,Male,0,No,No,22,Yes,No,DSL,No,No,No,No,No,Yes,Month-to-month,Yes,Electronic check,64.52,1425.32,TEST0581,No,39.05,Low,Contract_Month-to-month is higher than average; InternetService_DSL is higher than average; Contract_Two year is lower than average,Encourage long-term contract
TEST0582,Male,0,No,No,19,Yes,No,DSL,No,No,No,No,Yes,Yes,Month-to-month,Yes,Credit card (automatic),59.38,1145.21,TEST0582,No,35.35,Low,Contract_Month-to-month is higher than average; InternetService_DSL is higher than average; Contract_Two year is lower than average,Encourage long-term contract
TEST0583,Female,0,Yes,Yes,18,Yes,No,Fiber optic,Yes,No,Yes,No,No,No,One year,Yes,Electronic check,91.26,1638.97,TEST0583,No,28.75,Low,Contract_Month-to-month is lower than average; Contract_Two year is lower than average; InternetService_Fiber optic is higher than average,Encourage long-term contract
TEST0584,Female,0,Yes,No,2,Yes,Yes,DSL,No,No,Yes,No,No,No,Month-to-month,No,Credit card (automatic),57.94,96.1,TEST0584,No,39.82,Low,Contract_Month-to-month is higher than average; InternetService_DSL is higher than average; Contract_Two year is lower than average,Encourage long-term contract
TEST0585,Female,0,No,No,42,Yes,Yes,DSL,Yes,No,No,No,Yes,No,Two year,No,Credit card (automatic),55.72,2339.03,TEST0585,No,2.32,Low,Contract_Two year is higher than average; Contract_Month-to-month is lower than average; InternetService_DSL is higher than average,Encourage long-term contract
TEST0586,Male,0,Yes,No,12,Yes,Yes,No,No internet service,No internet service,No internet service,No internet service,No internet service,No internet service,Two year,Yes,Bank transfer (automatic),18.0,207.52,TEST0586,No,6.2,Low,Contract_Two year is higher than average; Contract_Month-to-month is lower than average; InternetService_Fiber optic is lower than average,Encourage long-term contract
TEST0587,Male,0,No,No,14,Yes,No,DSL,Yes,No,No,No,No,No,One year,Yes,Mailed check,59.57,798.74,TEST0587,No,13.02,Low,Contract_Month-to-month is lower than average; InternetService_DSL is higher than average; Contract_Two year is lower than average,Encourage long-term contract
TEST0588,Male,0,No,No,45,Yes,Yes,DSL,No,Yes,Yes,No,Yes,No,Two year,No,Electronic check,67.01,2991.74,TEST0588,No,4.1,Low,Contract_Two year is higher than average; Contract_Month-to-month is lower than average; InternetService_DSL is higher than average,Encourage long-term contract
TEST0589,Male,0,No,No,72,Yes,No,Fiber optic,No,No,No,No,No,No,Two year,No,Mailed check,82.07,5896.43,TEST0589,No,2.68,Low,Contract_Two year is higher than average; Contract_Month-to-month is lower than average; InternetService_Fiber optic is higher than average,Encourage long-term contract
TEST0590,Male,0,No,No,7,Yes,No,Fiber optic,No,Yes,Yes,No,Yes,No,Month-to-month,No,Bank transfer (automatic),93.71,673.04,TEST0590,No,47.1,Medium,Contract_Month-to-month is higher than average; Contract_Two year is lower than average; InternetService_Fiber optic is higher than average,Encourage long-term contract
TEST0591,Male,0,Yes,Yes,16,Yes,No,Fiber optic,Yes,No,Yes,No,No,Yes,Two year,No,Credit card (automatic),91.85,1480.56,TEST0591,No,10.38,Low,Contract_Two year is higher than average; Contract_Month-to-month is lower than average; InternetService_Fiber optic is higher than average,Encourage long-term contract
TEST0592,Female,0,No,Yes,27,Yes,No,No,No internet service,No internet service,No internet service,No internet service,No internet service,No internet service,Two year,Yes,Mailed check,18.54,487.55,TEST0592,No,1.93,Low,Contract_Two year is higher than average; Contract_Month-to-month is lower than average; InternetService_Fiber optic is lower than average,Encourage long-term contract
TEST0593,Female,0,No,No,30,Yes,Yes,Fiber optic,Yes,No,No,No,No,No,One year,No,Credit card (automatic),82.27,2475.78,TEST0593,No,15.75,Low,Contract_Month-to-month is lower than average; Contract_Two year is lower than average; InternetService_Fiber optic is higher than average,Encourage long-term contract
TEST0594,Female,0,Yes,No,0,Yes,No,Fiber optic,No,No,Yes,Yes,No,No,One year,Yes,Credit card (automatic),94.52,94.52,TEST0594,No,37.39,Low,Contract_Month-to-month is lower than average; Contract_Two year is lower than average; InternetService_Fiber optic is higher than average,Encourage long-term contract
TEST0595,Female,0,Yes,No,12,Yes,No,DSL,No,No,No,No,Yes,No,Month-to-month,No,Electronic check,51.71,641.43,TEST0595,No,39.1,Low,Contract_Month-to-month is higher than average; InternetService_DSL is higher than average; Contract_Two year is lower than average,Encourage long-term contract
TEST0596,Female,0,Yes,Yes,16,Yes,No,Fiber optic,Yes,No,Yes,No,Yes,Yes,Month-to-month,No,Electronic check,100.49,1591.21,TEST0596,No,47.88,Medium,Contract_Month-to-month is higher than average; Contract_Two year is lower than average; InternetService_Fiber optic is higher than average,Encourage long-term contract
TEST0597,Female,0,No,No,6,Yes,No,Fiber optic,Yes,Yes,No,No,Yes,No,Month-to-month,No,Electronic check,97.31,593.06,TEST0597,No,46.94,Medium,Contract_Month-to-month is higher than average; Contract_Two year is lower than average; InternetService_Fiber optic is higher than average,Encourage long-term contract
TEST0598,Male,1,No,Yes,11,Yes,Yes,Fiber optic,No,Yes,No,No,No,No,Month-to-month,Yes,Mailed check,91.46,1014.42,TEST0598,Yes,54.55,Medium,Contract_Month-to-month is higher than average; Contract_Two year is lower than average; InternetService_Fiber optic is higher than average,Encourage long-term contract
TEST0599,Male,1,No,No,10,Yes,No,DSL,Yes,No,Yes,No,No,No,Two year,No,Electronic check,63.53,613.88,TEST0599,No,8.48,Low,Contract_Two year is higher than average; Contract_Month-to-month is lower than average; InternetService_DSL is higher than average,Encourage long-term contract
TEST0600,Female,0,Yes,Yes,4,Yes,No,DSL,Yes,No,No,Yes,No,No,Month-to-month,Yes,Credit card (automatic),53.55,222.32,TEST0600,No,20.86,Low,Contract_Month-to-month is higher than average; InternetService_DSL is higher than average; Contract_Two year is lower than average,Encourage long-term contract
TEST0601,Female,0,No,No,7,Yes,No,DSL,Yes,Yes,No,No,Yes,Yes,One year,No,Bank transfer (automatic),75.56,518.44,TEST0601,No,16.5,Low,Contract_Month-to-month is lower than average; InternetService_DSL is higher than average; Contract_Two year is lower than average,Encourage long-term contract
TEST0602,Female,0,Yes,No,34,Yes,No,DSL,No,Yes,No,No,No,No,Two year,No,Credit card (automatic),61.36,2083.63,TEST0602,No,3.09,Low,Contract_Two year is higher than average; Contract_Month-to-month is lower than average; InternetService_DSL is higher than average,Encourage long-term contract
TEST0603,Male,0,No,No,13,Yes,Yes,DSL,No,No,No,Yes,Yes,Yes,Month-to-month,No,Credit card (automatic),71.85,918.51,TEST0603,No,30.8,Low,Contract_Month-to-month is higher than average; InternetService_DSL is higher than average; Contract_Two year is lower than average,Encourage long-term contract
TEST0604,Female,0,Yes,Yes,16,Yes,Yes,Fiber optic,No,Yes,Yes,No,Yes,No,One year,Yes,Electronic check,99.1,1590.27,TEST0604,No,46.0,Medium,Contract_Month-to-month is lower than average; Contract_Two year is lower than average; InternetService_Fiber optic is higher than average,Encourage long-term contract
TEST0605,Male,0,No,No,22,Yes,Yes,DSL,No,Yes,No,No,No,No,Month-to-month,Yes,Credit card (automatic),51.48,1140.31,TEST0605,No,24.03,Low,Contract_Month-to-month is higher than average; InternetService_DSL is higher than average; Contract_Two year is lower than average,Encourage long-term contract
TEST0606,Male,0,No,No,18,Yes,No,Fiber optic,No,No,No,No,No,No,Month-to-month,No,Electronic check,76.53,1390.01,TEST0606,No,47.32,Medium,Contract_Month-to-month is higher than average; Contract_Two year is lower than average; InternetService_Fiber optic is higher than average,Encourage long-term contract
TEST0607,Male,0,Yes,No,9,Yes,No,Fiber optic,No,No,Yes,Yes,Yes,Yes,Month-to-month,No,Mailed check,105.19,938.91,TEST0607,No,48.68,Medium,Contract_Month-to-month is higher than average; Contract_Two year is lower than average; InternetService_Fiber optic is higher than average,Encourage long-term contract
TEST0608,Female,0,No,No,33,Yes,Yes,No,No internet service,No internet service,No internet service,No internet service,No internet service,No internet service,Month-to-month,No,Electronic check,19.91,668.85,TEST0608,No,8.59,Low,Contract_Month-to-month is higher than average; Contract_Two year is lower than average; PaymentMethod_Electronic check is higher than average,Encourage long-term contract
TEST0609,Male,0,Yes,Yes,10,Yes,Yes,DSL,Yes,No,No,No,Yes,Yes,Month-to-month,No,Electronic check,68.35,679.63,TEST0609,No,37.83,Low,Contract_Month-to-month is higher than average; InternetService_DSL is higher than average; Contract_Two year is lower than average,Encourage long-term contract
TEST0610,Female,0,No,No,3,Yes,No,Fiber optic,Yes,No,No,No,No,Yes,Month-to-month,Yes,Electronic check,99.03,306.92,TEST0610,Yes,64.5,Medium,Contract_Month-to-month is higher than average; Contract_Two year is lower than average; InternetService_Fiber optic is higher than average,Encourage long-term contract
TEST0611,Male,1,Yes,No,0,Yes,No,No,No internet service,No internet service,No internet service,No internet service,No internet service,No internet service,Month-to-month,No,Bank transfer (automatic),26.03,26.03,TEST0611,No,25.41,Low,Contract_Month-to-month is higher than average; Contract_Two year is lower than average; SeniorCitizen is higher than average,Encourage long-term contract
TEST0612,Female,0,No,No,3,Yes,Yes,DSL,No,No,No,No,No,No,Month-to-month,Yes,Mailed check,46.69,150.82,TEST0612,No,48.11,Medium,Contract_Month-to-month is higher than average; InternetService_DSL is higher than average; Contract_Two year is lower than average,Encourage long-term contract
TEST0613,Male,0,No,No,64,Yes,No,DSL,No,No,Yes,No,Yes,No,One year,Yes,Credit card (automatic),54.54,3471.63,TEST0613,No,3.21,Low,Contract_Month-to-month is lower than average; InternetService_DSL is higher than average; Contract_Two year is lower than average,Encourage long-term contract
TEST0614,Female,1,No,No,65,Yes,No,Fiber optic,No,No,Yes,No,Yes,No,Month-to-month,Yes,Electronic check,88.69,5769.28,TEST0614,No,31.19,Low,Contract_Month-to-month is higher than average; Contract_Two year is lower than average; InternetService_Fiber optic is higher than average,Encourage long-term contract
TEST0615,Female,0,No,Yes,6,Yes,No,Fiber optic,No,No,No,Yes,Yes,Yes,Two year,Yes,Mailed check,98.71,585.72,TEST0615,No,23.13,Low,Contract_Two year is higher than average; Contract_Month-to-month is lower than average; InternetService_Fiber optic is higher than average,Encourage long-term contract
TEST0616,Female,0,No,Yes,72,Yes,No,No,No internet service,No internet service,No internet service,No internet service,No internet service,No internet service,Two year,Yes,Bank transfer (automatic),20.42,1463.21,TEST0616,No,0.21,Low,Contract_Two year is higher than average; Contract_Month-to-month is lower than average; InternetService_Fiber optic is lower than average,Encourage long-term contract
TEST0617,Female,0,Yes,Yes,11,Yes,Yes,Fiber optic,Yes,No,Yes,No,Yes,No,Month-to-month,Yes,Credit card (automatic),89.04,995.81,TEST0617,No,48.33,Medium,Contract_Month-to-month is higher than average; Contract_Two year is lower than average; InternetService_Fiber optic is higher than average,Encourage long-term contract
TEST0618,Female,0,Yes,No,52,Yes,Yes,Fiber optic,No,Yes,No,No,No,No,Two year,Yes,Electronic check,85.2,4453.46,TEST0618,No,11.33,Low,Contract_Two year is higher than average; Contract_Month-to-month is lower than average; InternetService_Fiber optic is higher than average,Encourage long-term contract
TEST0619,Male,0,Yes,No,1,Yes,Yes,Fiber optic,Yes,No,Yes,No,Yes,No,Month-to-month,No,Electronic check,96.45,96.45,TEST0619,Yes,59.95,Medium,Contract_Month-to-month is higher than average; Contract_Two year is lower than average; InternetService_Fiber optic is higher than average,Encourage long-term contract
TEST0620,Male,0,Yes,No,29,Yes,No,Fiber optic,No,Yes,No,No,No,No,Month-to-month,Yes,Electronic check,88.62,2579.87,TEST0620,No,45.48,Medium,Contract_Month-to-month is higher than average; Contract_Two year is lower than average; InternetService_Fiber optic is higher than average,Encourage long-term contract
TEST0621,Female,0,Yes,No,9,Yes,No,Fiber optic,Yes,No,No,No,Yes,Yes,Month-to-month,No,Electronic check,91.82,838.54,TEST0621,Yes,57.38,Medium,Contract_Month-to-month is higher than average; Contract_Two year is lower than average; InternetService_Fiber optic is higher than average,Encourage long-term contract
TEST0622,Female,0,Yes,No,43,Yes,No,No,No internet service,No internet service,No internet service,No internet service,No internet service,No internet service,Month-to-month,Yes,Mailed check,26.92,1178.31,TEST0622,No,4.81,Low,Contract_Month-to-month is higher than average; Contract_Two year is lower than average; InternetService_Fiber optic is lower than average,Encourage long-term contract
TEST0623,Male,0,Yes,Yes,7,No,No phone service,Fiber optic,Yes,No,No,No,Yes,Yes,Month-to-month,No,Bank transfer (automatic),82.9,581.78,TEST0623,Yes,61.03,Medium,PhoneService_Yes is lower than average; Contract_Month-to-month is higher than average; Contract_Two year is lower than average,Contact customer proactively
TEST0624,Male,1,No,No,3,Yes,Yes,Fiber optic,No,No,No,No,No,No,Month-to-month,No,Electronic check,83.71,254.26,TEST0624,Yes,68.83,Medium,Contract_Month-to-month is higher than average; Contract_Two year is lower than average; InternetService_Fiber optic is higher than average,Encourage long-term contract
TEST0625,Female,1,No,No,46,Yes,No,DSL,Yes,No,No,No,Yes,No,Month-to-month,No,Mailed check,59.0,2721.82,TEST0625,No,7.9,Low,Contract_Month-to-month is higher than average; InternetService_DSL is higher than average; Contract_Two year is lower than average,Encourage long-term contract
TEST0626,Female,0,No,No,1,Yes,No,DSL,No,Yes,No,No,Yes,No,Month-to-month,Yes,Mailed check,62.37,99.95,TEST0626,No,43.48,Medium,Contract_Month-to-month is higher than average; InternetService_DSL is higher than average; Contract_Two year is lower than average,Encourage long-term contract
TEST0627,Female,0,No,No,31,Yes,Yes,Fiber optic,No,No,No,Yes,No,Yes,Two year,No,Bank transfer (automatic),96.77,3002.7,TEST0627,No,12.59,Low,Contract_Two year is higher than average; Contract_Month-to-month is lower than average; InternetService_Fiber optic is higher than average,Encourage long-term contract
TEST0628,Female,0,Yes,No,12,Yes,Yes,DSL,No,Yes,No,No,Yes,Yes,One year,No,Electronic check,69.27,855.01,TEST0628,No,32.45,Low,Contract_Month-to-month is lower than average; InternetService_DSL is higher than average; Contract_Two year is lower than average,Encourage long-term contract
TEST0629,Female,0,No,No,2,No,No phone service,No,No internet service,No internet service,No internet service,No internet service,No internet service,No internet service,Month-to-month,Yes,Electronic check,22.78,22.78,TEST0629,No,48.73,Medium,PhoneService_Yes is lower than average; Contract_Month-to-month is higher than average; Contract_Two year is lower than average,Contact customer proactively
TEST0630,Female,0,Yes,No,5,Yes,Yes,Fiber optic,No,Yes,Yes,Yes,No,Yes,Two year,Yes,Credit card (automatic),104.04,510.96,TEST0630,No,23.84,Low,Contract_Two year is higher than average; Contract_Month-to-month is lower than average; InternetService_Fiber optic is higher than average,Encourage long-term contract
TEST0631,Male,0,Yes,No,62,Yes,Yes,No,No internet service,No internet service,No internet service,No internet service,No internet service,No internet service,Two year,Yes,Bank transfer (automatic),20.49,1264.1,TEST0631,No,0.53,Low,Contract_Two year is higher than average; Contract_Month-to-month is lower than average; InternetService_Fiber optic is lower than average,Encourage long-term contract
TEST0632,Female,0,No,No,11,No,No phone service,DSL,No,No,No,No,No,No,Month-to-month,No,Bank transfer (automatic),43.7,493.59,TEST0632,No,42.22,Medium,PhoneService_Yes is lower than average; Contract_Month-to-month is higher than average; InternetService_DSL is higher than average,Contact customer proactively
TEST0633,Female,0,No,No,20,Yes,No,DSL,No,Yes,No,No,No,No,One year,No,Bank transfer (automatic),55.87,1129.84,TEST0633,No,10.64,Low,Contract_Month-to-month is lower than average; InternetService_DSL is higher than average; Contract_Two year is lower than average,Encourage long-term contract
TEST0634,Male,0,Yes,No,24,Yes,No,Fiber optic,No,No,No,Yes,No,No,One year,No,Mailed check,85.78,2061.07,TEST0634,No,17.2,Low,Contract_Month-to-month is lower than average; Contract_Two year is lower than average; InternetService_Fiber optic is higher than average,Encourage long-term contract
TEST0635,Male,0,Yes,No,0,Yes,No,DSL,No,No,Yes,Yes,Yes,Yes,Month-to-month,Yes,Bank transfer (automatic),68.95,68.95,TEST0635,No,46.53,Medium,Contract_Month-to-month is higher than average; InternetService_DSL is higher than average; Contract_Two year is lower than average,Encourage long-term contract
TEST0636,Female,0,No,No,29,Yes,No,DSL,No,No,Yes,Yes,Yes,No,Two year,No,Mailed check,66.71,1944.25,TEST0636,No,3.61,Low,Contract_Two year is higher than average; Contract_Month-to-month is lower than average; InternetService_DSL is higher than average,Encourage long-term contract
TEST0637,Male,0,Yes,Yes,7,Yes,Yes,Fiber optic,Yes,Yes,Yes,Yes,No,Yes,Two year,No,Mailed check,108.09,781.28,TEST0637,No,10.38,Low,Contract_Two year is higher than average; Contract_Month-to-month is lower than average; InternetService_Fiber optic is higher than average,Encourage long-term contract
TEST0638,Male,0,No,No,11,Yes,No,Fiber optic,No,No,No,No,No,No,Month-to-month,Yes,Mailed check,81.29,911.31,TEST0638,Yes,53.02,Medium,Contract_Month-to-month is higher than average; Contract_Two year is lower than average; InternetService_Fiber optic is higher than average,Encourage long-term contract
TEST0639,Female,0,Yes,No,1,Yes,Yes,No,No internet service,No internet service,No internet service,No internet service,No internet service,No internet service,Month-to-month,Yes,Bank transfer (automatic),20.77,20.77,TEST0639,No,33.9,Low,Contract_Month-to-month is higher than average; Contract_Two year is lower than average; InternetService_Fiber optic is lower than average,Encourage long-term contract
TEST0640,Male,0,Yes,No,50,No,No phone service,Fiber optic,No,No,No,Yes,Yes,No,Month-to-month,No,Credit card (automatic),92.48,4607.24,TEST0640,No,29.55,Low,PhoneService_Yes is lower than average; Contract_Month-to-month is higher than average; Contract_Two year is lower than average,Contact customer proactively
TEST0641,Female,0,No,No,71,No,No phone service,Fiber optic,No,Yes,No,No,No,Yes,Month-to-month,Yes,Electronic check,77.34,5475.73,TEST0641,No,31.43,Low,PhoneService_Yes is lower than average; Contract_Month-to-month is higher than average; Contract_Two year is lower than average,Contact customer proactively
TEST0642,Male,0,No,No,0,Yes,Yes,Fiber optic,No,Yes,No,Yes,No,No,Month-to-month,Yes,Credit card (automatic),92.4,92.4,TEST0642,Yes,52.78,Medium,Contract_Month-to-month is higher than average; Contract_Two year is lower than average; InternetService_Fiber optic is higher than average,Encourage long-term contract
TEST0643,Female,0,Yes,No,6,Yes,No,Fiber optic,No,Yes,Yes,No,No,Yes,Month-to-month,Yes,Electronic check,92.33,544.89,TEST0643,Yes,68.27,Medium,Contract_Month-to-month is higher than average; Contract_Two year is lower than average; InternetService_Fiber optic is higher than average,Encourage long-term contract
TEST0644,Female,0,No,No,72,Yes,No,DSL,No,No,Yes,Yes,No,Yes,One year,No,Electronic check,69.33,4991.47,TEST0644,No,2.77,Low,Contract_Month-to-month is lower than average; InternetService_DSL is higher than average; Contract_Two year is lower than average,Encourage long-term contract
TEST0645,Female,0,No,No,72,Yes,No,DSL,Yes,No,No,Yes,Yes,Yes,Two year,Yes,Electronic check,71.6,5145.93,TEST0645,No,1.47,Low,Contract_Two year is higher than average; Contract_Month-to-month is lower than average; InternetService_DSL is higher than average,Encourage long-term contract
TEST0646,Female,0,Yes,No,34,No,No phone service,Fiber optic,No,No,No,Yes,Yes,No,One year,Yes,Bank transfer (automatic),86.18,2909.63,TEST0646,No,34.26,Low,Contract_Month-to-month is lower than average; PhoneService_Yes is lower than average; Contract_Two year is lower than average,Encourage long-term contract
TEST0647,Male,0,No,No,0,Yes,No,DSL,No,Yes,Yes,No,Yes,Yes,Month-to-month,No,Credit card (automatic),72.63,72.63,TEST0647,No,39.23,Low,Contract_Month-to-month is higher than average; InternetService_DSL is higher than average; Contract_Two year is lower than average,Encourage long-term contract
TEST0648,Male,0,No,No,7,Yes,No,Fiber optic,No,No,No,Yes,No,Yes,Month-to-month,Yes,Mailed check,94.58,646.05,TEST0648,Yes,53.67,Medium,Contract_Month-to-month is higher than average; Contract_Two year is lower than average; InternetService_Fiber optic is higher than average,Encourage long-term contract
TEST0649,Male,0,No,Yes,3,Yes,No,Fiber optic,Yes,Yes,No,Yes,No,Yes,Two year,Yes,Electronic check,98.09,287.63,TEST0649,No,16.44,Low,Contract_Two year is higher than average; Contract_Month-to-month is lower than average; InternetService_Fiber optic is higher than average,Encourage long-term contract
TEST0650,Male,0,Yes,No,5,Yes,Yes,Fiber optic,Yes,Yes,Yes,No,Yes,No,Month-to-month,Yes,Mailed check,104.54,532.1,TEST0650,Yes,52.12,Medium,Contract_Month-to-month is higher than average; Contract_Two year is lower than average; InternetService_Fiber optic is higher than average,Encourage long-term contract
TEST0651,Female,0,No,No,3,Yes,No,No,No internet service,No internet service,No internet service,No internet service,No internet service,No internet service,Month-to-month,No,Electronic check,24.8,88.2,TEST0651,No,25.52,Low,Contract_Month-to-month is higher than average; Contract_Two year is lower than average; PaymentMethod_Electronic check is higher than average,Encourage long-term contract
TEST0652,Male,0,No,Yes,43,Yes,No,Fiber optic,Yes,No,Yes,Yes,No,Yes,One year,Yes,Mailed check,107.61,4622.22,TEST0652,No,11.89,Low,Contract_Month-to-month is lower than average; Contract_Two year is lower than average; InternetService_Fiber optic is higher than average,Encourage long-term contract
TEST0653,Male,0,Yes,No,21,Yes,Yes,No,No internet service,No internet service,No internet service,No internet service,No internet service,No internet service,Month-to-month,No,Electronic check,28.62,605.72,TEST0653,No,15.47,Low,Contract_Month-to-month is higher than average; Contract_Two year is lower than average; PaymentMethod_Electronic check is higher than average,Encourage long-term contract
TEST0654,Male,0,No,No,13,Yes,Yes,DSL,No,No,No,Yes,No,No,Month-to-month,No,Mailed check,53.84,698.44,TEST0654,No,22.41,Low,Contract_Month-to-month is higher than average; InternetService_DSL is higher than average; Contract_Two year is lower than average,Encourage long-term contract
TEST0655,Female,1,No,No,11,Yes,Yes,DSL,No,Yes,Yes,No,Yes,No,Month-to-month,No,Electronic check,69.81,767.53,TEST0655,No,43.54,Medium,Contract_Month-to-month is higher than average; InternetService_DSL is higher than average; Contract_Two year is lower than average,Encourage long-term contract
TEST0656,Male,0,No,No,9,Yes,Yes,Fiber optic,No,No,No,No,Yes,No,Month-to-month,Yes,Electronic check,86.4,766.64,TEST0656,Yes,71.93,High,Contract_Month-to-month is higher than average; Contract_Two year is lower than average; InternetService_Fiber optic is higher than average,Encourage long-term contract
TEST0657,Male,0,Yes,No,20,Yes,Yes,DSL,No,Yes,No,No,Yes,No,One year,No,Mailed check,60.43,1179.36,TEST0657,No,14.75,Low,Contract_Month-to-month is lower than average; InternetService_DSL is higher than average; Contract_Two year is lower than average,Encourage long-term contract
TEST0658,Male,1,Yes,No,17,Yes,No,No,No internet service,No internet service,No internet service,No internet service,No internet service,No internet service,Two year,Yes,Mailed check,22.66,380.7,TEST0658,No,4.45,Low,Contract_Two year is higher than average; Contract_Month-to-month is lower than average; SeniorCitizen is higher than average,Encourage long-term contract
TEST0659,Female,0,No,No,34,Yes,No,DSL,Yes,No,No,No,Yes,Yes,One year,Yes,Electronic check,60.56,2030.84,TEST0659,No,13.75,Low,Contract_Month-to-month is lower than average; InternetService_DSL is higher than average; Contract_Two year is lower than average,Encourage long-term contract
TEST0660,Female,0,No,Yes,3,Yes,Yes,No,No internet service,No internet service,No internet service,No internet service,No internet service,No internet service,Month-to-month,Yes,Credit card (automatic),27.36,108.35,TEST0660,No,25.76,Low,Contract_Month-to-month is higher than average; Contract_Two year is lower than average; PaymentMethod_Credit card (automatic) is higher than average,Encourage long-term contract
TEST0661,Female,0,No,No,20,Yes,Yes,DSL,Yes,No,No,No,Yes,No,Two year,No,Bank transfer (automatic),58.69,1168.14,TEST0661,No,5.94,Low,Contract_Two year is higher than average; Contract_Month-to-month is lower than average; InternetService_DSL is higher than average,Encourage long-term contract
TEST0662,Female,0,Yes,Yes,72,Yes,No,Fiber optic,Yes,No,No,No,Yes,Yes,One year,Yes,Bank transfer (automatic),92.9,6683.68,TEST0662,No,9.17,Low,Contract_Month-to-month is lower than average; Contract_Two year is lower than average; InternetService_Fiber optic is higher than average,Encourage long-term contract
TEST0663,Female,0,Yes,No,38,No,No phone service,Fiber optic,No,No,No,No,Yes,Yes,One year,Yes,Credit card (automatic),90.09,3427.53,TEST0663,No,45.73,Medium,Contract_Month-to-month is lower than average; PhoneService_Yes is lower than average; Contract_Two year is lower than average,Encourage long-term contract
TEST0664,Male,0,No,No,16,Yes,No,No,No internet service,No internet service,No internet service,No internet service,No internet service,No internet service,Month-to-month,No,Mailed check,23.53,343.6,TEST0664,No,10.5,Low,Contract_Month-to-month is higher than average; Contract_Two year is lower than average; InternetService_Fiber optic is lower than average,Encourage long-term contract
TEST0665,Female,0,Yes,No,20,Yes,No,Fiber optic,No,No,Yes,Yes,No,Yes,Month-to-month,Yes,Electronic check,90.81,1811.51,TEST0665,Yes,54.53,Medium,Contract_Month-to-month is higher than average; Contract_Two year is lower than average; InternetService_Fiber optic is higher than average,Encourage long-term contract
TEST0666,Male,0,Yes,No,7,Yes,Yes,DSL,No,Yes,No,No,No,No,Month-to-month,Yes,Credit card (automatic),52.38,380.0,TEST0666,No,38.35,Low,Contract_Month-to-month is higher than average; InternetService_DSL is higher than average; Contract_Two year is lower than average,Encourage long-term contract
TEST0667,Male,0,Yes,No,17,Yes,No,DSL,No,No,No,Yes,Yes,No,Month-to-month,No,Electronic check,66.48,1124.67,TEST0667,No,26.68,Low,Contract_Month-to-month is higher than average; InternetService_DSL is higher than average; Contract_Two year is lower than average,Encourage long-term contract
TEST0668,Male,0,No,No,4,Yes,Yes,No,No internet service,No internet service,No internet service,No internet service,No internet service,No internet service,Month-to-month,Yes,Credit card (automatic),24.4,95.03,TEST0668,No,26.77,Low,Contract_Month-to-month is higher than average; Contract_Two year is lower than average; PaymentMethod_Credit card (automatic) is higher than average,Encourage long-term contract
TEST0669,Female,0,Yes,No,1,Yes,No,Fiber optic,No,Yes,No,No,No,Yes,Month-to-month,Yes,Bank transfer (automatic),90.74,106.33,TEST0669,Yes,65.59,Medium,Contract_Month-to-month is higher than average; Contract_Two year is lower than average; InternetService_Fiber optic is higher than average,Encourage long-term contract
TEST0670,Female,0,No,No,13,Yes,Yes,DSL,No,No,Yes,No,Yes,No,Month-to-month,Yes,Credit card (automatic),64.01,840.19,TEST0670,No,40.71,Medium,Contract_Month-to-month is higher than average; InternetService_DSL is higher than average; Contract_Two year is lower than average,Encourage long-term contract
TEST0671,Female,0,No,No,18,Yes,No,DSL,Yes,Yes,No,No,Yes,Yes,Two year,No,Credit card (automatic),72.52,1283.58,TEST0671,No,5.32,Low,Contract_Two year is higher than average; Contract_Month-to-month is lower than average; InternetService_DSL is higher than average,Encourage long-term contract
TEST0672,Female,0,No,No,5,Yes,Yes,Fiber optic,Yes,No,No,Yes,No,Yes,Month-to-month,Yes,Bank transfer (automatic),89.36,434.22,TEST0672,Yes,51.72,Medium,Contract_Month-to-month is higher than average; Contract_Two year is lower than average; InternetService_Fiber optic is higher than average,Encourage long-term contract
TEST0673,Male,0,Yes,No,19,Yes,No,Fiber optic,No,Yes,Yes,No,Yes,Yes,Month-to-month,Yes,Mailed check,97.15,1815.13,TEST0673,Yes,54.03,Medium,Contract_Month-to-month is higher than average; Contract_Two year is lower than average; InternetService_Fiber optic is higher than average,Encourage long-term contract
TEST0674,Male,0,Yes,No,6,Yes,Yes,No,No internet service,No internet service,No internet service,No internet service,No internet service,No internet service,Month-to-month,Yes,Mailed check,29.31,156.63,TEST0674,No,26.82,Low,Contract_Month-to-month is higher than average; Contract_Two year is lower than average; InternetService_Fiber optic is lower than average,Encourage long-term contract
TEST0675,Male,0,Yes,Yes,16,Yes,No,No,No internet service,No internet service,No internet service,No internet service,No internet service,No internet service,Two year,Yes,Credit card (automatic),23.51,399.31,TEST0675,No,3.32,Low,Contract_Two year is higher than average; Contract_Month-to-month is lower than average; PaymentMethod_Credit card (automatic) is higher than average,Encourage long-term contract
TEST0676,Male,0,No,No,4,Yes,Yes,DSL,Yes,No,No,No,Yes,Yes,Month-to-month,No,Credit card (automatic),65.55,262.5,TEST0676,No,35.97,Low,Contract_Month-to-month is higher than average; InternetService_DSL is higher than average; Contract_Two year is lower than average,Encourage long-term contract
TEST0677,Male,0,No,No,24,Yes,No,Fiber optic,No,No,No,No,No,Yes,Month-to-month,No,Electronic check,89.07,2118.1,TEST0677,Yes,50.72,Medium,Contract_Month-to-month is higher than average; Contract_Two year is lower than average; InternetService_Fiber optic is higher than average,Encourage long-term contract
TEST0678,Male,0,No,No,26,Yes,No,Fiber optic,No,No,No,Yes,No,Yes,One year,No,Electronic check,88.84,2293.27,TEST0678,No,25.87,Low,Contract_Month-to-month is lower than average; Contract_Two year is lower than average; InternetService_Fiber optic is higher than average,Encourage long-term contract
TEST0679,Female,0,Yes,Yes,26,Yes,No,Fiber optic,Yes,No,No,No,Yes,No,Month-to-month,Yes,Credit card (automatic),90.72,2348.84,TEST0679,No,33.25,Low,Contract_Month-to-month is higher than average; Contract_Two year is lower than average; InternetService_Fiber optic is higher than average,Encourage long-term contract
TEST0680,Male,0,Yes,No,25,Yes,No,No,No internet service,No internet service,No internet service,No internet service,No internet service,No internet service,Month-to-month,Yes,Credit card (automatic),20.34,529.37,TEST0680,No,9.53,Low,Contract_Month-to-month is higher than average; Contract_Two year is lower than average; PaymentMethod_Credit card (automatic) is higher than average,Encourage long-term contract
TEST0681,Female,1,No,No,49,Yes,No,DSL,Yes,No,No,No,No,Yes,Two year,Yes,Credit card (automatic),60.15,2955.16,TEST0681,No,2.68,Low,Contract_Two year is higher than average; Contract_Month-to-month is lower than average; InternetService_DSL is higher than average,Encourage long-term contract
TEST0682,Male,0,No,No,18,Yes,No,Fiber optic,No,Yes,No,No,No,Yes,Month-to-month,Yes,Bank transfer (automatic),82.18,1454.46,TEST0682,No,49.68,Medium,Contract_Month-to-month is higher than average; Contract_Two year is lower than average; InternetService_Fiber optic is higher than average,Encourage long-term contract
TEST0683,Female,0,Yes,Yes,52,Yes,Yes,DSL,No,Yes,No,Yes,No,No,Two year,Yes,Bank transfer (automatic),56.99,2938.23,TEST0683,No,1.65,Low,Contract_Two year is higher than average; Contract_Month-to-month is lower than average; InternetService_DSL is higher than average,Encourage long-term contract
TEST0684,Male,0,No,No,8,Yes,No,Fiber optic,Yes,Yes,No,No,Yes,No,One year,No,Mailed check,100.98,804.57,TEST0684,No,22.64,Low,Contract_Month-to-month is lower than average; Contract_Two year is lower than average; InternetService_Fiber optic is higher than average,Encourage long-term contract
TEST0685,Female,1,No,No,22,Yes,Yes,DSL,No,Yes,No,No,Yes,Yes,Month-to-month,No,Mailed check,66.37,1472.99,TEST0685,No,32.73,Low,Contract_Month-to-month is higher than average; InternetService_DSL is higher than average; Contract_Two year is lower than average,Encourage long-term contract
TEST0686,Male,0,No,No,1,Yes,Yes,DSL,No,No,Yes,No,Yes,Yes,Month-to-month,No,Credit card (automatic),64.8,64.8,TEST0686,No,48.56,Medium,Contract_Month-to-month is higher than average; InternetService_DSL is higher than average; Contract_Two year is lower than average,Encourage long-term contract
TEST0687,Male,0,Yes,Yes,27,Yes,Yes,No,No internet service,No internet service,No internet service,No internet service,No internet service,No internet service,Two year,Yes,Electronic check,28.98,768.31,TEST0687,No,3.74,Low,Contract_Two year is higher than average; Contract_Month-to-month is lower than average; PaymentMethod_Electronic check is higher than average,Encourage long-term contract
TEST0688,Female,1,No,No,5,Yes,No,No,No internet service,No internet service,No internet service,No internet service,No internet service,No internet service,Month-to-month,Yes,Bank transfer (automatic),30.53,148.42,TEST0688,No,27.01,Low,Contract_Month-to-month is higher than average; Contract_Two year is lower than average; SeniorCitizen is higher than average,Encourage long-term contract
TEST0689,Male,0,No,No,12,Yes,No,No,No internet service,No internet service,No internet service,No internet service,No internet service,No internet service,One year,Yes,Electronic check,22.45,240.8,TEST0689,No,13.03,Low,Contract_Month-to-month is lower than average; Contract_Two year is lower than average; PaymentMethod_Electronic check is higher than average,Encourage long-term contract
TEST0690,Male,0,Yes,Yes,35,No,No phone service,DSL,Yes,No,Yes,No,Yes,No,Month-to-month,No,Electronic check,67.14,2340.51,TEST0690,No,21.26,Low,PhoneService_Yes is lower than average; Contract_Month-to-month is higher than average; InternetService_DSL is higher than average,Contact customer proactively
TEST0691,Male,0,Yes,Yes,3,No,No phone service,Fiber optic,No,Yes,No,No,Yes,No,Month-to-month,Yes,Electronic check,86.92,279.01,TEST0691,Yes,77.48,High,PhoneService_Yes is lower than average; Contract_Month-to-month is higher than average; Contract_Two year is lower than average,Contact customer proactively
TEST0692,Female,1,No,No,1,Yes,No,Fiber optic,Yes,No,Yes,No,No,No,Month-to-month,Yes,Credit card (automatic),86.95,86.95,TEST0692,Yes,52.44,Medium,Contract_Month-to-month is higher than average; Contract_Two year is lower than average; InternetService_Fiber optic is higher than average,Encourage long-term contract
TEST0693,Female,0,Yes,No,0,Yes,No,No,No internet service,No internet service,No internet service,No internet service,No internet service,No internet service,Month-to-month,Yes,Electronic check,26.1,26.1,TEST0693,No,37.09,Low,Contract_Month-to-month is higher than average; Contract_Two year is lower than average; PaymentMethod_Electronic check is higher than average,Encourage long-term contract
TEST0694,Female,0,No,No,33,Yes,No,Fiber optic,Yes,No,No,No,No,No,Two year,Yes,Electronic check,83.88,2738.38,TEST0694,No,11.41,Low,Contract_Two year is higher than average; Contract_Month-to-month is lower than average; InternetService_Fiber optic is higher than average,Encourage long-term contract
TEST0695,Male,0,Yes,No,60,Yes,No,Fiber optic,No,Yes,No,No,Yes,Yes,Two year,Yes,Electronic check,90.11,5400.84,TEST0695,No,10.95,Low,Contract_Two year is higher than average; Contract_Month-to-month is lower than average; InternetService_Fiber optic is higher than average,Encourage long-term contract
TEST0696,Male,0,Yes,Yes,45,Yes,Yes,DSL,No,No,No,No,Yes,No,Two year,Yes,Credit card (automatic),52.31,2369.23,TEST0696,No,3.67,Low,Contract_Two year is higher than average; Contract_Month-to-month is lower than average; InternetService_DSL is higher than average,Encourage long-term contract
TEST0697,Male,1,No,No,64,Yes,No,DSL,Yes,No,No,No,No,Yes,Two year,Yes,Electronic check,54.81,3509.36,TEST0697,No,1.94,Low,Contract_Two year is higher than average; Contract_Month-to-month is lower than average; InternetService_DSL is higher than average,Encourage long-term contract
TEST0698,Male,1,No,No,22,Yes,Yes,DSL,Yes,Yes,No,No,Yes,No,One year,No,Bank transfer (automatic),66.08,1434.2,TEST0698,No,10.85,Low,Contract_Month-to-month is lower than average; InternetService_DSL is higher than average; Contract_Two year is lower than average,Encourage long-term contract
TEST0699,Male,0,No,No,32,Yes,No,No,No internet service,No internet service,No internet service,No internet service,No internet service,No internet service,Month-to-month,No,Electronic check,25.89,798.1,TEST0699,No,7.19,Low,Contract_Month-to-month is higher than average; Contract_Two year is lower than average; PaymentMethod_Electronic check is higher than average,Encourage long-term contract
TEST0700,Male,0,Yes,No,23,Yes,Yes,DSL,No,No,No,No,Yes,Yes,Two year,Yes,Credit card (automatic),66.01,1535.28,TEST0700,No,13.57,Low,Contract_Two year is higher than average; Contract_Month-to-month is lower than average; InternetService_DSL is higher than average,Encourage long-term contract
TEST0701,Male,0,No,No,19,Yes,No,Fiber optic,No,No,No,No,No,Yes,Two year,Yes,Electronic check,85.22,1637.22,TEST0701,No,28.37,Low,Contract_Two year is higher than average; Contract_Month-to-month is lower than average; InternetService_Fiber optic is higher than average,Encourage long-term contract
TEST0702,Male,0,Yes,No,3,Yes,Yes,DSL,No,No,Yes,Yes,No,No,Two year,No,Bank transfer (automatic),59.2,134.06,TEST0702,No,9.7,Low,Contract_Two year is higher than average; Contract_Month-to-month is lower than average; InternetService_DSL is higher than average,Encourage long-term contract
TEST0703,Male,0,No,No,4,Yes,Yes,DSL,No,No,No,Yes,No,Yes,Month-to-month,Yes,Electronic check,67.42,290.93,TEST0703,Yes,52.36,Medium,Contract_Month-to-month is higher than average; InternetService_DSL is higher than average; Contract_Two year is lower than average,Encourage long-term contract
TEST0704,Male,0,No,Yes,1,Yes,No,DSL,Yes,Yes,Yes,Yes,No,No,One year,No,Mailed check,73.68,93.25,TEST0704,No,7.58,Low,Contract_Month-to-month is lower than average; InternetService_DSL is higher than average; Contract_Two year is lower than average,Encourage long-term contract
TEST0705,Female,0,No,No,72,Yes,Yes,Fiber optic,No,No,Yes,Yes,No,No,Two year,Yes,Credit card (automatic),92.76,6696.38,TEST0705,No,3.94,Low,Contract_Two year is higher than average; Contract_Month-to-month is lower than average; InternetService_Fiber optic is higher than average,Encourage long-term contract
TEST0706,Female,0,No,No,5,Yes,Yes,Fiber optic,No,Yes,Yes,Yes,Yes,Yes,Two year,Yes,Electronic check,107.41,551.9,TEST0706,No,34.4,Low,Contract_Two year is higher than average; Contract_Month-to-month is lower than average; InternetService_Fiber optic is higher than average,Encourage long-term contract
TEST0707,Female,0,No,No,8,Yes,Yes,Fiber optic,No,No,Yes,No,No,Yes,One year,No,Credit card (automatic),88.3,673.14,TEST0707,No,42.28,Medium,Contract_Month-to-month is lower than average; Contract_Two year is lower than average; InternetService_Fiber optic is higher than average,Encourage long-term contract
TEST0708,Male,0,Yes,Yes,72,Yes,No,DSL,No,Yes,No,No,Yes,No,Month-to-month,No,Credit card (automatic),58.0,4171.51,TEST0708,No,2.66,Low,Contract_Month-to-month is higher than average; InternetService_DSL is higher than average; Contract_Two year is lower than average,Encourage long-term contract
TEST0709,Male,0,No,No,72,Yes,No,No,No internet service,No internet service,No internet service,No internet service,No internet service,No internet service,Two year,Yes,Bank transfer (automatic),24.43,1762.13,TEST0709,No,0.26,Low,Contract_Two year is higher than average; Contract_Month-to-month is lower than average; InternetService_Fiber optic is lower than average,Encourage long-term contract
TEST0710,Male,0,No,No,40,Yes,Yes,Fiber optic,No,Yes,No,Yes,No,Yes,Two year,Yes,Electronic check,89.93,3577.6,TEST0710,No,13.41,Low,Contract_Two year is higher than average; Contract_Month-to-month is lower than average; InternetService_Fiber optic is higher than average,Encourage long-term contract
TEST0711,Male,0,No,No,47,Yes,No,DSL,No,Yes,Yes,No,No,Yes,Two year,No,Bank transfer (automatic),68.72,3230.58,TEST0711,No,2.53,Low,Contract_Two year is higher than average; Contract_Month-to-month is lower than average; InternetService_DSL is higher than average,Encourage long-term contract
TEST0712,Male,0,No,No,10,Yes,Yes,Fiber optic,Yes,No,No,No,Yes,No,Month-to-month,Yes,Electronic check,94.29,947.93,TEST0712,Yes,61.8,Medium,Contract_Month-to-month is higher than average; Contract_Two year is lower than average; InternetService_Fiber optic is higher than average,Encourage long-term contract
TEST0713,Female,0,Yes,Yes,0,Yes,No,Fiber optic,No,No,No,No,Yes,No,Month-to-month,Yes,Mailed check,87.06,87.06,TEST0713,Yes,64.39,Medium,Contract_Month-to-month is higher than average; Contract_Two year is lower than average; InternetService_Fiber optic is higher than average,Encourage long-term contract
TEST0714,Male,0,No,No,6,No,No phone service,Fiber optic,Yes,Yes,Yes,No,No,No,Month-to-month,Yes,Electronic check,95.18,572.79,TEST0714,Yes,64.55,Medium,PhoneService_Yes is lower than average; Contract_Month-to-month is higher than average; Contract_Two year is lower than average,Contact customer proactively
TEST0715,Male,0,Yes,No,15,Yes,No,Fiber optic,No,Yes,No,No,No,No,Two year,No,Bank transfer (automatic),85.51,1312.07,TEST0715,No,13.51,Low,Contract_Two year is higher than average; Contract_Month-to-month is lower than average; InternetService_Fiber optic is higher than average,Encourage long-term contract
TEST0716,Male,0,No,No,29,Yes,Yes,DSL,No,Yes,Yes,No,Yes,Yes,Two year,No,Electronic check,66.38,1926.24,TEST0716,No,9.04,Low,Contract_Two year is higher than average; Contract_Month-to-month is lower than average; InternetService_DSL is higher than average,Encourage long-term contract
TEST0717,Female,0,No,No,20,Yes,No,Fiber optic,Yes,No,No,Yes,No,No,One year,No,Electronic check,90.41,1824.23,TEST0717,No,17.95,Low,Contract_Month-to-month is lower than average; Contract_Two year is lower than average; InternetService_Fiber optic is higher than average,Encourage long-term contract
TEST0718,Female,0,No,No,72,Yes,No,DSL,No,Yes,No,No,Yes,No,Two year,Yes,Bank transfer (automatic),56.05,4018.96,TEST0718,No,1.1,Low,Contract_Two year is higher than average; Contract_Month-to-month is lower than average; InternetService_DSL is higher than average,Encourage long-term contract
TEST0719,Male,1,No,No,9,Yes,Yes,No,No internet service,No internet service,No internet service,No internet service,No internet service,No internet service,Month-to-month,Yes,Mailed check,31.85,267.91,TEST0719,No,26.16,Low,Contract_Month-to-month is higher than average; Contract_Two year is lower than average; SeniorCitizen is higher than average,Encourage long-term contract
TEST0720,Female,0,Yes,Yes,1,Yes,No,DSL,Yes,Yes,No,No,No,No,Month-to-month,Yes,Electronic check,59.31,75.81,TEST0720,No,34.72,Low,Contract_Month-to-month is higher than average; InternetService_DSL is higher than average; Contract_Two year is lower than average,Encourage long-term contract
TEST0721,Female,0,No,No,8,Yes,Yes,Fiber optic,No,No,No,No,Yes,No,Month-to-month,No,Mailed check,91.82,704.99,TEST0721,Yes,58.26,Medium,Contract_Month-to-month is higher than average; Contract_Two year is lower than average; InternetService_Fiber optic is higher than average,Encourage long-term contract
TEST0722,Female,0,Yes,Yes,18,Yes,Yes,No,No internet service,No internet service,No internet service,No internet service,No internet service,No internet service,Two year,No,Credit card (automatic),24.78,435.46,TEST0722,No,2.87,Low,Contract_Two year is higher than average; Contract_Month-to-month is lower than average; PaymentMethod_Credit card (automatic) is higher than average,Encourage long-term contract
TEST0723,Female,0,No,No,6,Yes,Yes,DSL,No,No,Yes,No,No,No,Month-to-month,Yes,Bank transfer (automatic),52.12,298.48,TEST0723,No,44.71,Medium,Contract_Month-to-month is higher than average; InternetService_DSL is higher than average; Contract_Two year is lower than average,Encourage long-term contract
TEST0724,Male,0,No,No,48,Yes,Yes,DSL,Yes,Yes,No,No,Yes,Yes,Month-to-month,No,Bank transfer (automatic),70.83,3390.35,TEST0724,No,9.6,Low,Contract_Month-to-month is higher than average; InternetService_DSL is higher than average; Contract_Two year is lower than average,Encourage long-term contract
TEST0725,Female,0,Yes,No,1,Yes,Yes,Fiber optic,Yes,Yes,Yes,Yes,No,Yes,Month-to-month,Yes,Credit card (automatic),103.53,103.53,TEST0725,No,47.89,Medium,Contract_Month-to-month is higher than average; Contract_Two year is lower than average; InternetService_Fiber optic is higher than average,Encourage long-term contract
TEST0726,Female,0,Yes,Yes,5,Yes,No,Fiber optic,Yes,Yes,No,Yes,Yes,No,Month-to-month,Yes,Credit card (automatic),100.03,510.08,TEST0726,No,34.49,Low,Contract_Month-to-month is higher than average; Contract_Two year is lower than average; InternetService_Fiber optic is higher than average,Encourage long-term contract
TEST0727,Female,0,No,No,2,Yes,Yes,Fiber optic,Yes,No,No,No,No,No,Month-to-month,Yes,Credit card (automatic),79.51,151.75,TEST0727,Yes,54.72,Medium,Contract_Month-to-month is higher than average; Contract_Two year is lower than average; InternetService_Fiber optic is higher than average,Encourage long-term contract
TEST0728,Male,0,Yes,Yes,17,No,No phone service,Fiber optic,Yes,No,No,No,No,No,Two year,No,Bank transfer (automatic),78.17,1332.57,TEST0728,No,14.99,Low,Contract_Two year is higher than average; Contract_Month-to-month is lower than average; PhoneService_Yes is lower than average,Encourage long-term contract
TEST0729,Female,0,No,Yes,33,Yes,Yes,No,No internet service,No internet service,No internet service,No internet service,No internet service,No internet service,One year,Yes,Electronic check,23.98,769.69,TEST0729,No,5.69,Low,Contract_Month-to-month is lower than average; Contract_Two year is lower than average; PaymentMethod_Electronic check is higher than average,Encourage long-term contract
TEST0730,Male,0,No,No,3,Yes,Yes,Fiber optic,No,Yes,No,Yes,No,No,Month-to-month,No,Credit card (automatic),97.8,297.33,TEST0730,No,41.7,Medium,Contract_Month-to-month is higher than average; Contract_Two year is lower than average; InternetService_Fiber optic is higher than average,Encourage long-term contract
TEST0731,Female,0,Yes,No,27,No,No phone service,No,No internet service,No internet service,No internet service,No internet service,No internet service,No internet service,One year,No,Credit card (automatic),24.94,674.3,TEST0731,No,6.87,Low,Contract_Month-to-month is lower than average; PhoneService_Yes is lower than average; Contract_Two year is lower than average,Encourage long-term contract
TEST0732,Male,0,No,No,2,Yes,Yes,Fiber optic,Yes,Yes,Yes,Yes,No,No,Month-to-month,No,Electronic check,100.18,187.02,TEST0732,No,39.82,Low,Contract_Month-to-month is higher than average; Contract_Two year is lower than average; InternetService_Fiber optic is higher than average,Encourage long-term contract
TEST0733,Male,0,No,No,7,No,No phone service,DSL,Yes,Yes,No,No,No,No,Month-to-month,Yes,Electronic check,54.22,390.25,TEST0733,No,45.74,Medium,PhoneService_Yes is lower than average; Contract_Month-to-month is higher than average; InternetService_DSL is higher than average,Contact customer proactively
TEST0734,Male,0,No,No,3,Yes,No,No,No internet service,No internet service,No internet service,No internet service,No internet service,No internet service,Month-to-month,No,Mailed check,30.82,71.83,TEST0734,No,18.42,Low,Contract_Month-to-month is higher than average; Contract_Two year is lower than average; InternetService_Fiber optic is lower than average,Encourage long-term contract
TEST0735,Male,0,No,No,5,Yes,Yes,Fiber optic,No,Yes,No,No,No,No,Month-to-month,No,Credit card (automatic),81.76,407.78,TEST0735,No,49.15,Medium,Contract_Month-to-month is higher than average; Contract_Two year is lower than average; InternetService_Fiber optic is higher than average,Encourage long-term contract
TEST0736,Male,0,No,No,1,Yes,Yes,No,No internet service,No internet service,No internet service,No internet service,No internet service,No internet service,Two year,Yes,Mailed check,21.07,23.56,TEST0736,No,9.61,Low,Contract_Two year is higher than average; Contract_Month-to-month is lower than average; InternetService_Fiber optic is lower than average,Encourage long-term contract
TEST0737,Male,0,No,No,9,Yes,No,Fiber optic,Yes,No,Yes,No,Yes,No,Month-to-month,No,Credit card (automatic),91.9,849.35,TEST0737,No,37.4,Low,Contract_Month-to-month is higher than average; Contract_Two year is lower than average; InternetService_Fiber optic is higher than average,Encourage long-term contract
TEST0738,Male,0,Yes,Yes,14,Yes,No,No,No internet service,No internet service,No internet service,No internet service,No internet service,No internet service,Month-to-month,Yes,Electronic check,18.0,266.76,TEST0738,No,18.79,Low,Contract_Month-to-month is higher than average; Contract_Two year is lower than average; PaymentMethod_Electronic check is higher than average,Encourage long-term contract
TEST0739,Male,0,Yes,No,8,Yes,No,No,No internet service,No internet service,No internet service,No internet service,No internet service,No internet service,Two year,No,Bank transfer (automatic),24.07,215.41,TEST0739,No,4.47,Low,Contract_Two year is higher than average; Contract_Month-to-month is lower than average; InternetService_Fiber optic is lower than average,Encourage long-term contract
TEST0740,Male,0,No,No,51,Yes,Yes,No,No internet service,No internet service,No internet service,No internet service,No internet service,No internet service,One year,No,Bank transfer (automatic),22.35,1118.56,TEST0740,No,1.38,Low,Contract_Month-to-month is lower than average; Contract_Two year is lower than average; InternetService_Fiber optic is lower than average,Encourage long-term contract
TEST0741,Female,0,No,No,72,Yes,Yes,DSL,No,Yes,Yes,No,Yes,No,One year,Yes,Mailed check,67.4,4848.67,TEST0741,No,3.52,Low,Contract_Month-to-month is lower than average; InternetService_DSL is higher than average; Contract_Two year is lower than average,Encourage long-term contract
TEST0742,Female,0,No,No,0,Yes,No,Fiber optic,No,No,No,No,No,No,Two year,Yes,Credit card (automatic),83.91,83.91,TEST0742,No,28.28,Low,Contract_Two year is higher than average; Contract_Month-to-month is lower than average; InternetService_Fiber optic is higher than average,Encourage long-term contract
TEST0743,Male,0,Yes,No,68,Yes,No,Fiber optic,No,Yes,No,No,Yes,Yes,One year,Yes,Credit card (automatic),97.54,6654.09,TEST0743,No,14.31,Low,Contract_Month-to-month is lower than average; Contract_Two year is lower than average; InternetService_Fiber optic is higher than average,Encourage long-term contract
TEST0744,Male,0,No,No,1,Yes,Yes,DSL,No,Yes,No,Yes,Yes,No,Month-to-month,No,Electronic check,71.15,71.15,TEST0744,No,39.16,Low,Contract_Month-to-month is higher than average; InternetService_DSL is higher than average; Contract_Two year is lower than average,Encourage long-term contract
TEST0745,Male,0,Yes,Yes,3,Yes,No,Fiber optic,No,No,Yes,Yes,No,Yes,Month-to-month,Yes,Credit card (automatic),97.82,279.68,TEST0745,Yes,51.52,Medium,Contract_Month-to-month is higher than average; Contract_Two year is lower than average; InternetService_Fiber optic is higher than average,Encourage long-term contract
TEST0746,Female,0,Yes,Yes,4,Yes,Yes,Fiber optic,Yes,No,Yes,No,No,Yes,Month-to-month,Yes,Credit card (automatic),93.29,373.68,TEST0746,Yes,56.02,Medium,Contract_Month-to-month is higher than average; Contract_Two year is lower than average; InternetService_Fiber optic is higher than average,Encourage long-term contract
TEST0747,Male,1,No,No,0,No,No phone service,Fiber optic,No,No,No,No,Yes,Yes,One year,No,Bank transfer (automatic),88.05,88.05,TEST0747,Yes,68.35,Medium,Contract_Month-to-month is lower than average; PhoneService_Yes is lower than average; Contract_Two year is lower than average,Encourage long-term contract
TEST0748,Female,0,No,No,45,Yes,Yes,No,No internet service,No internet service,No internet service,No internet service,No internet service,No internet service,Two year,No,Credit card (automatic),23.32,1057.51,TEST0748,No,0.85,Low,Contract_Two year is higher than average; Contract_Month-to-month is lower than average; PaymentMethod_Credit card (automatic) is higher than average,Encourage long-term contract
TEST0749,Female,0,Yes,No,2,Yes,Yes,Fiber optic,Yes,Yes,Yes,No,Yes,No,Month-to-month,Yes,Mailed check,109.75,218.62,TEST0749,Yes,55.2,Medium,Contract_Month-to-month is higher than average; Contract_Two year is lower than average; InternetService_Fiber optic is higher than average,Encourage long-term contract
TEST0750,Female,0,No,No,19,No,No phone service,Fiber optic,No,No,No,No,Yes,No,Month-to-month,Yes,Credit card (automatic),81.34,1558.48,TEST0750,Yes,66.23,Medium,PhoneService_Yes is lower than average; Contract_Month-to-month is higher than average; Contract_Two year is lower than average,Contact customer proactively
TEST0751,Male,0,No,No,6,Yes,Yes,Fiber optic,No,Yes,No,No,No,Yes,Month-to-month,No,Electronic check,88.37,514.04,TEST0751,Yes,64.59,Medium,Contract_Month-to-month is higher than average; Contract_Two year is lower than average; InternetService_Fiber optic is higher than average,Encourage long-term contract
TEST0752,Male,0,Yes,No,29,Yes,Yes,DSL,No,No,No,Yes,Yes,Yes,Month-to-month,No,Credit card (automatic),69.87,2019.47,TEST0752,No,20.95,Low,Contract_Month-to-month is higher than average; InternetService_DSL is higher than average; Contract_Two year is lower than average,Encourage long-term contract
TEST0753,Female,0,No,No,11,Yes,No,DSL,No,No,Yes,Yes,Yes,Yes,Month-to-month,No,Mailed check,63.99,712.33,TEST0753,No,27.98,Low,Contract_Month-to-month is higher than average; InternetService_DSL is higher than average; Contract_Two year is lower than average,Encourage long-term contract
TEST0754,Male,0,No,Yes,1,Yes,Yes,DSL,Yes,No,No,Yes,No,Yes,Month-to-month,Yes,Bank transfer (automatic),62.09,62.09,TEST0754,No,32.27,Low,Contract_Month-to-month is higher than average; InternetService_DSL is higher than average; Contract_Two year is lower than average,Encourage long-term contract
TEST0755,Female,0,No,No,4,Yes,No,No,No internet service,No internet service,No internet service,No internet service,No internet service,No internet service,One year,Yes,Mailed check,19.11,110.01,TEST0755,No,14.33,Low,Contract_Month-to-month is lower than average; Contract_Two year is lower than average; InternetService_Fiber optic is lower than average,Encourage long-term contract
TEST0756,Female,1,Yes,No,21,Yes,Yes,DSL,Yes,Yes,Yes,No,No,No,Month-to-month,Yes,Credit card (automatic),57.68,1222.04,TEST0756,No,21.25,Low,Contract_Month-to-month is higher than average; InternetService_DSL is higher than average; Contract_Two year is lower than average,Encourage long-term contract
TEST0757,Male,0,No,No,4,Yes,No,No,No internet service,No internet service,No internet service,No internet service,No internet service,No internet service,Two year,Yes,Electronic check,21.56,58.4,TEST0757,No,9.27,Low,Contract_Two year is higher than average; Contract_Month-to-month is lower than average; PaymentMethod_Electronic check is higher than average,Encourage long-term contract
TEST0758,Female,1,No,No,1,Yes,No,No,No internet service,No internet service,No internet service,No internet service,No internet service,No internet service,Two year,Yes,Mailed check,19.49,63.25,TEST0758,No,9.48,Low,Contract_Two year is higher than average; Contract_Month-to-month is lower than average; SeniorCitizen is higher than average,Encourage long-term contract
TEST0759,Male,0,Yes,No,5,Yes,No,DSL,Yes,No,No,Yes,No,Yes,Month-to-month,No,Bank transfer (automatic),68.42,326.45,TEST0759,No,22.34,Low,Contract_Month-to-month is higher than average; InternetService_DSL is higher than average; Contract_Two year is lower than average,Encourage long-term contract
TEST0760,Female,0,No,No,6,Yes,No,DSL,Yes,Yes,No,No,Yes,No,Two year,Yes,Bank transfer (automatic),69.64,412.73,TEST0760,No,9.1,Low,Contract_Two year is higher than average; Contract_Month-to-month is lower than average; InternetService_DSL is higher than average,Encourage long-term contract
TEST0761,Female,0,Yes,Yes,13,Yes,Yes,DSL,No,Yes,No,No,No,No,Two year,Yes,Credit card (automatic),54.6,690.31,TEST0761,No,9.41,Low,Contract_Two year is higher than average; Contract_Month-to-month is lower than average; InternetService_DSL is higher than average,Encourage long-term contract
TEST0762,Female,0,No,No,0,Yes,No,No,No internet service,No internet service,No internet service,No internet service,No internet service,No internet service,Month-to-month,Yes,Electronic check,23.54,23.54,TEST0762,No,35.81,Low,Contract_Month-to-month is higher than average; Contract_Two year is lower than average; PaymentMethod_Electronic check is higher than average,Encourage long-term contract
TEST0763,Female,0,No,No,22,Yes,No,DSL,No,Yes,No,No,No,No,Month-to-month,Yes,Bank transfer (automatic),58.12,1277.42,TEST0763,No,22.88,Low,Contract_Month-to-month is higher than average; InternetService_DSL is higher than average; Contract_Two year is lower than average,Encourage long-term contract
TEST0764,Male,0,Yes,Yes,5,No,No phone service,Fiber optic,Yes,Yes,No,Yes,No,No,Month-to-month,No,Mailed check,83.75,420.65,TEST0764,No,37.39,Low,PhoneService_Yes is lower than average; Contract_Month-to-month is higher than average; Contract_Two year is lower than average,Contact customer proactively
TEST0765,Female,0,Yes,Yes,2,Yes,Yes,Fiber optic,No,No,Yes,No,No,Yes,Month-to-month,Yes,Electronic check,95.08,197.14,TEST0765,Yes,76.12,High,Contract_Month-to-month is higher than average; Contract_Two year is lower than average; InternetService_Fiber optic is higher than average,Encourage long-term contract
TEST0766,Female,0,Yes,No,47,Yes,No,No,No internet service,No internet service,No internet service,No internet service,No internet service,No internet service,One year,Yes,Mailed check,29.39,1363.75,TEST0766,No,2.18,Low,Contract_Month-to-month is lower than average; Contract_Two year is lower than average; InternetService_Fiber optic is lower than average,Encourage long-term contract
TEST0767,Female,0,No,No,5,Yes,No,Fiber optic,No,No,Yes,Yes,No,Yes,One year,No,Electronic check,86.49,423.93,TEST0767,No,39.53,Low,Contract_Month-to-month is lower than average; Contract_Two year is lower than average; InternetService_Fiber optic is higher than average,Encourage long-term contract
TEST0768,Female,0,Yes,No,4,Yes,No,Fiber optic,No,Yes,Yes,No,No,No,One year,No,Bank transfer (automatic),90.19,362.68,TEST0768,No,32.37,Low,Contract_Month-to-month is lower than average; Contract_Two year is lower than average; InternetService_Fiber optic is higher than average,Encourage long-term contract
TEST0769,Female,0,Yes,No,10,Yes,No,Fiber optic,No,No,Yes,No,No,No,Month-to-month,Yes,Bank transfer (automatic),91.07,898.99,TEST0769,Yes,56.64,Medium,Contract_Month-to-month is higher than average; Contract_Two year is lower than average; InternetService_Fiber optic is higher than average,Encourage long-term contract
TEST0770,Female,1,No,No,15,Yes,Yes,Fiber optic,No,Yes,No,Yes,Yes,Yes,Month-to-month,No,Mailed check,103.34,1557.6,TEST0770,Yes,50.91,Medium,Contract_Month-to-month is higher than average; Contract_Two year is lower than average; InternetService_Fiber optic is higher than average,Encourage long-term contract
TEST0771,Male,0,No,No,30,Yes,No,DSL,Yes,No,No,Yes,No,Yes,Month-to-month,Yes,Mailed check,58.95,1767.35,TEST0771,No,12.11,Low,Contract_Month-to-month is higher than average; InternetService_DSL is higher than average; Contract_Two year is lower than average,Encourage long-term contract
TEST0772,Female,0,Yes,No,58,Yes,Yes,No,No internet service,No internet service,No internet service,No internet service,No internet service,No internet service,One year,Yes,Credit card (automatic),27.22,1569.63,TEST0772,No,1.52,Low,Contract_Month-to-month is lower than average; Contract_Two year is lower than average; PaymentMethod_Credit card (automatic) is higher than average,Encourage long-term contract
TEST0773,Female,0,No,No,1,Yes,No,Fiber optic,Yes,No,Yes,Yes,No,Yes,Month-to-month,Yes,Mailed check,101.55,101.55,TEST0773,No,46.67,Medium,Contract_Month-to-month is higher than average; Contract_Two year is lower than average; InternetService_Fiber optic is higher than average,Encourage long-term contract
TEST0774,Female,0,No,No,9,Yes,Yes,DSL,No,No,No,No,Yes,No,Month-to-month,No,Credit card (automatic),63.35,575.18,TEST0774,No,37.34,Low,Contract_Month-to-month is higher than average; InternetService_DSL is higher than average; Contract_Two year is lower than average,Encourage long-term contract
TEST0775,Female,0,No,No,26,Yes,No,DSL,No,No,No,No,No,Yes,One year,Yes,Bank transfer (automatic),63.28,1654.78,TEST0775,No,17.98,Low,Contract_Month-to-month is lower than average; InternetService_DSL is higher than average; Contract_Two year is lower than average,Encourage long-term contract
TEST0776,Female,0,Yes,No,16,No,No phone service,Fiber optic,No,Yes,No,No,No,Yes,Month-to-month,Yes,Electronic check,90.41,1449.23,TEST0776,Yes,76.29,High,PhoneService_Yes is lower than average; Contract_Month-to-month is higher than average; Contract_Two year is lower than average,Contact customer proactively
TEST0777,Female,1,Yes,Yes,72,Yes,Yes,No,No internet service,No internet service,No internet service,No internet service,No internet service,No internet service,Two year,Yes,Credit card (automatic),18.75,1328.36,TEST0777,No,0.29,Low,Contract_Two year is higher than average; Contract_Month-to-month is lower than average; SeniorCitizen is higher than average,Encourage long-term contract
TEST0778,Male,0,Yes,No,1,Yes,Yes,Fiber optic,No,No,No,Yes,Yes,No,One year,Yes,Credit card (automatic),86.04,86.04,TEST0778,No,45.5,Medium,Contract_Month-to-month is lower than average; Contract_Two year is lower than average; InternetService_Fiber optic is higher than average,Encourage long-term contract
TEST0779,Male,0,Yes,No,21,Yes,Yes,Fiber optic,No,No,Yes,Yes,No,Yes,One year,No,Electronic check,101.68,2154.45,TEST0779,No,36.11,Low,Contract_Month-to-month is lower than average; Contract_Two year is lower than average; InternetService_Fiber optic is higher than average,Encourage long-term contract
TEST0780,Female,0,No,No,26,Yes,Yes,DSL,No,Yes,Yes,No,Yes,Yes,Month-to-month,Yes,Mailed check,62.83,1616.95,TEST0780,No,31.59,Low,Contract_Month-to-month is higher than average; InternetService_DSL is higher than average; Contract_Two year is lower than average,Encourage long-term contract
TEST0781,Male,0,Yes,Yes,24,Yes,Yes,No,No internet service,No internet service,No internet service,No internet service,No internet service,No internet service,Month-to-month,No,Credit card (automatic),18.92,461.23,TEST0781,No,7.75,Low,Contract_Month-to-month is higher than average; Contract_Two year is lower than average; PaymentMethod_Credit card (automatic) is higher than average,Encourage long-term contract
TEST0782,Male,0,No,No,9,Yes,No,Fiber optic,Yes,No,Yes,Yes,No,Yes,One year,No,Mailed check,101.69,876.21,TEST0782,No,20.02,Low,Contract_Month-to-month is lower than average; Contract_Two year is lower than average; InternetService_Fiber optic is higher than average,Encourage long-term contract
TEST0783,Female,0,No,No,19,Yes,No,No,No internet service,No internet service,No internet service,No internet service,No internet service,No internet service,One year,Yes,Bank transfer (automatic),21.56,398.73,TEST0783,No,7.47,Low,Contract_Month-to-month is lower than average; Contract_Two year is lower than average; InternetService_Fiber optic is lower than average,Encourage long-term contract
TEST0784,Male,0,Yes,No,19,Yes,No,Fiber optic,No,No,No,No,Yes,Yes,One year,No,Credit card (automatic),86.01,1609.72,TEST0784,No,33.66,Low,Contract_Month-to-month is lower than average; Contract_Two year is lower than average; InternetService_Fiber optic is higher than average,Encourage long-term contract
TEST0785,Female,0,No,No,4,Yes,Yes,Fiber optic,No,Yes,Yes,No,No,No,Two year,No,Credit card (automatic),87.17,353.14,TEST0785,No,19.43,Low,Contract_Two year is higher than average; Contract_Month-to-month is lower than average; InternetService_Fiber optic is higher than average,Encourage long-term contract
TEST0786,Female,1,Yes,Yes,68,Yes,No,Fiber optic,No,Yes,No,No,Yes,No,One year,Yes,Bank transfer (automatic),92.72,6288.74,TEST0786,No,11.61,Low,Contract_Month-to-month is lower than average; Contract_Two year is lower than average; InternetService_Fiber optic is higher than average,Encourage long-term contract
TEST0787,Male,0,No,No,11,Yes,Yes,No,No internet service,No internet service,No internet service,No internet service,No internet service,No internet service,Month-to-month,Yes,Bank transfer (automatic),27.11,293.48,TEST0787,No,22.05,Low,Contract_Month-to-month is higher than average; Contract_Two year is lower than average; InternetService_Fiber optic is lower than average,Encourage long-term contract
TEST0788,Female,1,No,No,3,Yes,Yes,DSL,Yes,No,No,Yes,Yes,No,Month-to-month,Yes,Electronic check,64.3,183.98,TEST0788,No,44.31,Medium,Contract_Month-to-month is higher than average; InternetService_DSL is higher than average; Contract_Two year is lower than average,Encourage long-term contract
TEST0789,Female,1,No,No,5,Yes,No,DSL,No,Yes,No,No,No,No,Two year,No,Mailed check,59.96,297.45,TEST0789,No,10.04,Low,Contract_Two year is higher than average; Contract_Month-to-month is lower than average; InternetService_DSL is higher than average,Encourage long-term contract
TEST0790,Female,0,Yes,Yes,6,Yes,Yes,Fiber optic,Yes,No,Yes,No,Yes,No,Month-to-month,No,Credit card (automatic),93.02,557.81,TEST0790,No,43.69,Medium,Contract_Month-to-month is higher than average; Contract_Two year is lower than average; InternetService_Fiber optic is higher than average,Encourage long-term contract
TEST0791,Female,0,No,No,18,Yes,Yes,DSL,Yes,Yes,Yes,No,Yes,No,Month-to-month,Yes,Electronic check,70.41,1289.56,TEST0791,No,31.5,Low,Contract_Month-to-month is higher than average; InternetService_DSL is higher than average; Contract_Two year is lower than average,Encourage long-term contract
TEST0792,Male,0,Yes,No,28,Yes,Yes,Fiber optic,No,No,No,No,No,No,Two year,No,Electronic check,79.88,2244.51,TEST0792,No,17.46,Low,Contract_Two year is higher than average; Contract_Month-to-month is lower than average; InternetService_Fiber optic is higher than average,Encourage long-term contract
TEST0793,Female,0,No,No,13,Yes,Yes,No,No internet service,No internet service,No internet service,No internet service,No internet service,No internet service,One year,Yes,Credit card (automatic),28.79,365.84,TEST0793,No,11.57,Low,Contract_Month-to-month is lower than average; Contract_Two year is lower than average; PaymentMethod_Credit card (automatic) is higher than average,Encourage long-term contract
TEST0794,Female,0,No,No,4,Yes,No,Fiber optic,No,Yes,No,Yes,Yes,No,Month-to-month,Yes,Bank transfer (automatic),98.08,393.92,TEST0794,Yes,50.68,Medium,Contract_Month-to-month is higher than average; Contract_Two year is lower than average; InternetService_Fiber optic is higher than average,Encourage long-term contract
TEST0795,Male,0,Yes,Yes,72,No,No phone service,Fiber optic,Yes,No,No,Yes,Yes,No,Two year,No,Electronic check,98.4,7062.11,TEST0795,No,4.67,Low,Contract_Two year is higher than average; Contract_Month-to-month is lower than average; PhoneService_Yes is lower than average,Encourage long-term contract
TEST0796,Male,1,Yes,No,17,Yes,Yes,DSL,Yes,No,No,No,No,Yes,One year,Yes,Bank transfer (automatic),65.13,1086.57,TEST0796,No,22.53,Low,Contract_Month-to-month is lower than average; InternetService_DSL is higher than average; Contract_Two year is lower than average,Encourage long-term contract
TEST0797,Female,0,Yes,Yes,57,Yes,Yes,Fiber optic,Yes,No,No,No,No,Yes,One year,Yes,Electronic check,84.61,4816.96,TEST0797,No,16.68,Low,Contract_Month-to-month is lower than average; Contract_Two year is lower than average; InternetService_Fiber optic is higher than average,Encourage long-term contract
TEST0798,Female,0,No,No,28,Yes,Yes,No,No internet service,No internet service,No internet service,No internet service,No internet service,No internet service,Month-to-month,Yes,Credit card (automatic),29.36,827.81,TEST0798,No,10.9,Low,Contract_Month-to-month is higher than average; Contract_Two year is lower than average; PaymentMethod_Credit card (automatic) is higher than average,Encourage long-term contract
TEST0799,Female,0,No,No,28,Yes,No,Fiber optic,Yes,Yes,Yes,No,No,Yes,Month-to-month,No,Electronic check,100.82,2811.8,TEST0799,No,34.48,Low,Contract_Month-to-month is higher than average; Contract_Two year is lower than average; InternetService_Fiber optic is higher than average,Encourage long-term contract
TEST0800,Male,0,No,No,0,Yes,No,Fiber optic,No,No,Yes,No,No,Yes,Month-to-month,No,Mailed check,89.05,89.05,TEST0800,Yes,59.1,Medium,Contract_Month-to-month is higher than average; Contract_Two year is lower than average; InternetService_Fiber optic is higher than average,Encourage long-term contract
TEST0801,Male,0,No,Yes,72,Yes,Yes,No,No internet service,No internet service,No internet service,No internet service,No internet service,No internet service,Two year,Yes,Electronic check,23.94,1717.82,TEST0801,No,0.38,Low,Contract_Two year is higher than average; Contract_Month-to-month is lower than average; PaymentMethod_Electronic check is higher than average,Encourage long-term contract
TEST0802,Female,0,Yes,No,10,Yes,No,No,No internet service,No internet service,No internet service,No internet service,No internet service,No internet service,Month-to-month,No,Bank transfer (automatic),25.79,259.77,TEST0802,No,15.67,Low,Contract_Month-to-month is higher than average; Contract_Two year is lower than average; InternetService_Fiber optic is lower than average,Encourage long-term contract
TEST0803,Female,1,Yes,No,34,Yes,Yes,Fiber optic,Yes,No,Yes,No,Yes,No,One year,No,Bank transfer (automatic),102.89,3511.29,TEST0803,No,23.35,Low,Contract_Month-to-month is lower than average; Contract_Two year is lower than average; InternetService_Fiber optic is higher than average,Encourage long-term contract
TEST0804,Male,0,Yes,No,47,Yes,No,Fiber optic,No,No,Yes,Yes,No,No,Two year,No,Mailed check,98.39,4624.61,TEST0804,No,5.06,Low,Contract_Two year is higher than average; Contract_Month-to-month is lower than average; InternetService_Fiber optic is higher than average,Encourage long-term contract
TEST0805,Male,1,No,No,28,Yes,Yes,Fiber optic,No,No,No,No,No,Yes,One year,Yes,Mailed check,95.76,2662.4,TEST0805,No,42.37,Medium,Contract_Month-to-month is lower than average; Contract_Two year is lower than average; InternetService_Fiber optic is higher than average,Encourage long-term contract
TEST0806,Female,0,Yes,No,40,Yes,Yes,Fiber optic,No,Yes,No,No,Yes,Yes,Month-to-month,No,Electronic check,96.7,3859.71,TEST0806,No,48.75,Medium,Contract_Month-to-month is higher than average; Contract_Two year is lower than average; InternetService_Fiber optic is higher than average,Encourage long-term contract
TEST0807,Male,0,No,No,27,Yes,Yes,Fiber optic,Yes,Yes,No,No,No,Yes,Two year,Yes,Credit card (automatic),92.27,2520.74,TEST0807,No,12.64,Low,Contract_Two year is higher than average; Contract_Month-to-month is lower than average; InternetService_Fiber optic is higher than average,Encourage long-term contract
TEST0808,Male,1,No,No,38,Yes,No,DSL,Yes,No,Yes,No,No,Yes,One year,Yes,Electronic check,58.54,2215.49,TEST0808,No,10.88,Low,Contract_Month-to-month is lower than average; InternetService_DSL is higher than average; Contract_Two year is lower than average,Encourage long-term contract
TEST0809,Female,0,No,Yes,4,Yes,No,Fiber optic,Yes,Yes,No,No,No,No,Month-to-month,Yes,Mailed check,88.81,350.25,TEST0809,No,39.6,Low,Contract_Month-to-month is higher than average; Contract_Two year is lower than average; InternetService_Fiber optic is higher than average,Encourage long-term contract
TEST0810,Female,0,Yes,No,6,Yes,Yes,No,No internet service,No internet service,No internet service,No internet service,No internet service,No internet service,Month-to-month,Yes,Mailed check,26.27,143.23,TEST0810,No,27.78,Low,Contract_Month-to-month is higher than average; Contract_Two year is lower than average; InternetService_Fiber optic is lower than average,Encourage long-term contract
TEST0811,Female,0,Yes,Yes,3,Yes,No,Fiber optic,Yes,No,Yes,No,Yes,No,One year,Yes,Electronic check,91.77,287.59,TEST0811,No,42.3,Medium,Contract_Month-to-month is lower than average; Contract_Two year is lower than average; InternetService_Fiber optic is higher than average,Encourage long-term contract
TEST0812,Male,0,Yes,Yes,27,Yes,Yes,Fiber optic,No,No,No,No,No,Yes,Month-to-month,Yes,Bank transfer (automatic),82.32,2219.0,TEST0812,Yes,50.92,Medium,Contract_Month-to-month is higher than average; Contract_Two year is lower than average; InternetService_Fiber optic is higher than average,Encourage long-term contract
TEST0813,Male,0,Yes,No,42,Yes,No,Fiber optic,No,Yes,No,No,Yes,No,Month-to-month,Yes,Electronic check,95.0,3992.92,TEST0813,No,41.73,Medium,Contract_Month-to-month is higher than average; Contract_Two year is lower than average; InternetService_Fiber optic is higher than average,Encourage long-term contract
TEST0814,Male,0,No,No,50,Yes,No,DSL,Yes,Yes,Yes,No,Yes,No,One year,Yes,Credit card (automatic),71.08,3567.6,TEST0814,No,3.77,Low,Contract_Month-to-month is lower than average; InternetService_DSL is higher than average; Contract_Two year is lower than average,Encourage long-term contract
TEST0815,Male,0,No,No,29,Yes,No,Fiber optic,Yes,No,Yes,Yes,No,No,Month-to-month,Yes,Electronic check,90.69,2620.6,TEST0815,No,28.83,Low,Contract_Month-to-month is higher than average; Contract_Two year is lower than average; InternetService_Fiber optic is higher than average,Encourage long-term contract
TEST0816,Male,0,Yes,No,7,Yes,Yes,DSL,Yes,Yes,Yes,No,No,No,Month-to-month,Yes,Mailed check,60.38,441.92,TEST0816,No,28.55,Low,Contract_Month-to-month is higher than average; InternetService_DSL is higher than average; Contract_Two year is lower than average,Encourage long-term contract
TEST0817,Female,0,No,No,20,Yes,Yes,DSL,No,No,Yes,No,No,No,Month-to-month,No,Credit card (automatic),66.91,1332.87,TEST0817,No,24.64,Low,Contract_Month-to-month is higher than average; InternetService_DSL is higher than average; Contract_Two year is lower than average,Encourage long-term contract
TEST0818,Female,0,No,No,72,Yes,No,Fiber optic,No,No,No,Yes,No,Yes,Month-to-month,Yes,Credit card (automatic),90.1,6506.45,TEST0818,No,14.79,Low,Contract_Month-to-month is higher than average; Contract_Two year is lower than average; InternetService_Fiber optic is higher than average,Encourage long-term contract
TEST0819,Female,0,Yes,No,10,Yes,Yes,Fiber optic,No,No,No,No,No,No,Month-to-month,Yes,Electronic check,79.59,799.09,TEST0819,Yes,69.97,Medium,Contract_Month-to-month is higher than average; Contract_Two year is lower than average; InternetService_Fiber optic is higher than average,Encourage long-term contract
TEST0820,Female,0,Yes,No,36,Yes,No,DSL,Yes,Yes,No,No,No,Yes,Two year,No,Electronic check,62.14,2227.13,TEST0820,No,3.52,Low,Contract_Two year is higher than average; Contract_Month-to-month is lower than average; InternetService_DSL is higher than average,Encourage long-term contract
TEST0821,Female,0,No,No,39,Yes,No,Fiber optic,No,No,No,No,Yes,No,Two year,No,Electronic check,86.45,3389.36,TEST0821,No,12.83,Low,Contract_Two year is higher than average; Contract_Month-to-month is lower than average; InternetService_Fiber optic is higher than average,Encourage long-term contract
TEST0822,Male,0,No,No,52,Yes,Yes,DSL,Yes,Yes,Yes,Yes,Yes,Yes,Two year,Yes,Credit card (automatic),81.13,4207.92,TEST0822,No,2.14,Low,Contract_Two year is higher than average; Contract_Month-to-month is lower than average; InternetService_DSL is higher than average,Encourage long-term contract
TEST0823,Female,0,No,No,29,Yes,No,Fiber optic,No,No,No,No,No,Yes,Month-to-month,No,Electronic check,76.8,2205.62,TEST0823,No,45.67,Medium,Contract_Month-to-month is higher than average; Contract_Two year is lower than average; InternetService_Fiber optic is higher than average,Encourage long-term contract
TEST0824,Male,1,No,No,25,Yes,Yes,Fiber optic,No,No,No,No,No,No,Two year,Yes,Credit card (automatic),88.38,2214.62,TEST0824,No,20.46,Low,Contract_Two year is higher than average; Contract_Month-to-month is lower than average; InternetService_Fiber optic is higher than average,Encourage long-term contract
TEST0825,Male,0,No,No,25,Yes,Yes,DSL,No,No,No,Yes,No,No,Two year,Yes,Electronic check,56.79,1413.81,TEST0825,No,8.0,Low,Contract_Two year is higher than average; Contract_Month-to-month is lower than average; InternetService_DSL is higher than average,Encourage long-term contract
TEST0826,Female,1,Yes,No,1,Yes,No,DSL,No,No,Yes,Yes,No,No,Month-to-month,Yes,Credit card (automatic),62.05,62.05,TEST0826,No,38.11,Low,Contract_Month-to-month is higher than average; InternetService_DSL is higher than average; Contract_Two year is lower than average,Encourage long-term contract
TEST0827,Female,0,No,Yes,42,Yes,No,DSL,Yes,No,No,Yes,Yes,Yes,One year,Yes,Mailed check,74.15,3105.9,TEST0827,No,5.4,Low,Contract_Month-to-month is lower than average; InternetService_DSL is higher than average; Contract_Two year is lower than average,Encourage long-term contract
TEST0828,Male,1,No,No,30,Yes,No,DSL,Yes,No,Yes,No,Yes,Yes,Two year,Yes,Mailed check,63.94,1916.65,TEST0828,No,6.15,Low,Contract_Two year is higher than average; Contract_Month-to-month is lower than average; InternetService_DSL is higher than average,Encourage long-term contract
TEST0829,Male,1,No,No,22,Yes,Yes,No,No internet service,No internet service,No internet service,No internet service,No internet service,No internet service,Month-to-month,Yes,Credit card (automatic),19.89,443.03,TEST0829,No,14.62,Low,Contract_Month-to-month is higher than average; Contract_Two year is lower than average; SeniorCitizen is higher than average,Encourage long-term contract
TEST0830,Male,0,Yes,No,72,Yes,No,Fiber optic,No,No,No,Yes,Yes,Yes,Two year,Yes,Mailed check,100.56,7237.93,TEST0830,No,5.98,Low,Contract_Two year is higher than average; Contract_Month-to-month is lower than average; InternetService_Fiber optic is higher than average,Encourage long-term contract
TEST0831,Male,0,Yes,Yes,4,Yes,Yes,DSL,No,Yes,No,No,No,No,One year,Yes,Electronic check,52.63,209.26,TEST0831,No,31.8,Low,Contract_Month-to-month is lower than average; InternetService_DSL is higher than average; Contract_Two year is lower than average,Encourage long-term contract
TEST0832,Male,0,No,No,64,Yes,No,Fiber optic,Yes,Yes,Yes,Yes,No,No,Two year,Yes,Bank transfer (automatic),101.31,6483.54,TEST0832,No,2.5,Low,Contract_Two year is higher than average; Contract_Month-to-month is lower than average; InternetService_Fiber optic is higher than average,Encourage long-term contract
TEST0833,Female,0,No,No,29,Yes,No,DSL,No,No,No,No,Yes,No,Month-to-month,No,Bank transfer (automatic),49.62,1435.72,TEST0833,No,17.62,Low,Contract_Month-to-month is higher than average; InternetService_DSL is higher than average; Contract_Two year is lower than average,Encourage long-term contract
TEST0834,Male,0,Yes,No,21,Yes,No,DSL,Yes,No,No,Yes,Yes,No,One year,No,Electronic check,59.37,1243.13,TEST0834,No,9.09,Low,Contract_Month-to-month is lower than average; InternetService_DSL is higher than average; Contract_Two year is lower than average,Encourage long-term contract
TEST0835,Male,0,Yes,Yes,10,Yes,Yes,Fiber optic,No,No,No,No,Yes,Yes,Month-to-month,Yes,Electronic check,91.49,911.97,TEST0835,Yes,74.61,High,Contract_Month-to-month is higher than average; Contract_Two year is lower than average; InternetService_Fiber optic is higher than average,Encourage long-term contract
TEST0836,Female,0,Yes,No,36,Yes,No,DSL,No,Yes,No,No,No,No,One year,No,Credit card (automatic),54.6,1960.3,TEST0836,No,5.66,Low,Contract_Month-to-month is lower than average; InternetService_DSL is higher than average; Contract_Two year is lower than average,Encourage long-term contract
TEST0837,Male,0,Yes,No,4,No,No phone service,Fiber optic,No,Yes,No,No,Yes,Yes,Month-to-month,No,Electronic check,90.65,358.04,TEST0837,Yes,78.38,High,PhoneService_Yes is lower than average; Contract_Month-to-month is higher than average; Contract_Two year is lower than average,Contact customer proactively
TEST0838,Male,0,Yes,No,14,Yes,Yes,DSL,No,Yes,No,No,Yes,No,One year,Yes,Electronic check,63.59,915.05,TEST0838,No,30.99,Low,Contract_Month-to-month is lower than average; InternetService_DSL is higher than average; Contract_Two year is lower than average,Encourage long-term contract
TEST0839,Female,0,Yes,Yes,11,Yes,No,Fiber optic,No,No,No,Yes,No,Yes,Month-to-month,No,Bank transfer (automatic),87.98,931.4,TEST0839,No,41.43,Medium,Contract_Month-to-month is higher than average; Contract_Two year is lower than average; InternetService_Fiber optic is higher than average,Encourage long-term contract
TEST0840,Female,1,No,No,18,Yes,No,DSL,No,No,Yes,No,No,Yes,Two year,Yes,Electronic check,71.17,1289.61,TEST0840,No,17.82,Low,Contract_Two year is higher than average; Contract_Month-to-month is lower than average; InternetService_DSL is higher than average,Encourage long-term contract
TEST0841,Female,0,Yes,Yes,27,Yes,No,No,No internet service,No internet service,No internet service,No internet service,No internet service,No internet service,Month-to-month,Yes,Bank transfer (automatic),22.3,596.9,TEST0841,No,8.52,Low,Contract_Month-to-month is higher than average; Contract_Two year is lower than average; InternetService_Fiber optic is lower than average,Encourage long-term contract
TEST0842,Female,0,Yes,Yes,3,Yes,Yes,Fiber optic,No,Yes,No,No,No,No,Month-to-month,Yes,Electronic check,81.1,241.41,TEST0842,Yes,67.06,Medium,Contract_Month-to-month is higher than average; Contract_Two year is lower than average; InternetService_Fiber optic is higher than average,Encourage long-term contract
TEST0843,Male,0,No,No,72,Yes,Yes,No,No internet service,No internet service,No internet service,No internet service,No internet service,No internet service,Two year,Yes,Credit card (automatic),22.55,1605.31,TEST0843,No,0.29,Low,Contract_Two year is higher than average; Contract_Month-to-month is lower than average; PaymentMethod_Credit card (automatic) is higher than average,Encourage long-term contract
TEST0844,Male,1,No,No,17,No,No phone service,No,No internet service,No internet service,No internet service,No internet service,No internet service,No internet service,Two year,Yes,Electronic check,18.0,312.89,TEST0844,No,10.56,Low,Contract_Two year is higher than average; Contract_Month-to-month is lower than average; PhoneService_Yes is lower than average,Encourage long-term contract
TEST0845,Female,0,No,No,2,Yes,Yes,Fiber optic,No,Yes,No,No,No,No,One year,No,Mailed check,93.34,202.94,TEST0845,No,38.19,Low,Contract_Month-to-month is lower than average; Contract_Two year is lower than average; InternetService_Fiber optic is higher than average,Encourage long-term contract
TEST0846,Male,0,No,No,22,Yes,Yes,Fiber optic,No,Yes,No,No,Yes,No,Two year,Yes,Electronic check,90.9,2022.44,TEST0846,No,26.03,Low,Contract_Two year is higher than average; Contract_Month-to-month is lower than average; InternetService_Fiber optic is higher than average,Encourage long-term contract
TEST0847,Female,1,No,No,31,No,No phone service,No,No internet service,No internet service,No internet service,No internet service,No internet service,No internet service,Two year,No,Mailed check,18.0,553.42,TEST0847,No,2.92,Low,Contract_Two year is higher than average; Contract_Month-to-month is lower than average; PhoneService_Yes is lower than average,Encourage long-term contract
TEST0848,Female,0,No,Yes,62,Yes,Yes,Fiber optic,No,Yes,No,Yes,Yes,Yes,Two year,No,Credit card (automatic),98.08,6082.48,TEST0848,No,4.53,Low,Contract_Two year is higher than average; Contract_Month-to-month is lower than average; InternetService_Fiber optic is higher than average,Encourage long-term contract
TEST0849,Female,0,Yes,Yes,27,Yes,Yes,DSL,No,Yes,No,Yes,No,Yes,One year,No,Credit card (automatic),63.49,1722.34,TEST0849,No,8.18,Low,Contract_Month-to-month is lower than average; InternetService_DSL is higher than average; Contract_Two year is lower than average,Encourage long-term contract
TEST0850,Female,0,No,No,23,Yes,No,Fiber optic,No,No,No,No,Yes,No,Month-to-month,Yes,Electronic check,87.47,1993.07,TEST0850,Yes,58.24,Medium,Contract_Month-to-month is higher than average; Contract_Two year is lower than average; InternetService_Fiber optic is higher than average,Encourage long-term contract
TEST0851,Female,0,No,No,9,Yes,No,DSL,No,No,Yes,No,No,No,Month-to-month,Yes,Credit card (automatic),52.89,468.55,TEST0851,No,34.25,Low,Contract_Month-to-month is higher than average; InternetService_DSL is higher than average; Contract_Two year is lower than average,Encourage long-term contract
TEST0852,Male,0,No,No,1,Yes,Yes,DSL,No,Yes,No,No,No,No,Month-to-month,Yes,Credit card (automatic),50.28,50.28,TEST0852,No,42.85,Medium,Contract_Month-to-month is higher than average; InternetService_DSL is higher than average; Contract_Two year is lower than average,Encourage long-term contract
TEST0853,Female,0,No,No,2,Yes,Yes,DSL,Yes,No,Yes,No,No,Yes,Month-to-month,Yes,Bank transfer (automatic),68.63,134.47,TEST0853,No,44.09,Medium,Contract_Month-to-month is higher than average; InternetService_DSL is higher than average; Contract_Two year is lower than average,Encourage long-term contract
TEST0854,Female,0,Yes,Yes,30,Yes,No,Fiber optic,Yes,Yes,Yes,No,No,No,Month-to-month,Yes,Bank transfer (automatic),99.46,3004.04,TEST0854,No,25.97,Low,Contract_Month-to-month is higher than average; Contract_Two year is lower than average; InternetService_Fiber optic is higher than average,Encourage long-term contract
TEST0855,Male,0,No,No,1,Yes,No,DSL,Yes,Yes,Yes,No,No,No,Month-to-month,No,Bank transfer (automatic),63.39,63.39,TEST0855,No,21.71,Low,Contract_Month-to-month is higher than average; InternetService_DSL is higher than average; Contract_Two year is lower than average,Encourage long-term contract
TEST0856,Female,0,Yes,Yes,10,Yes,No,DSL,No,No,Yes,No,Yes,No,Month-to-month,No,Bank transfer (automatic),66.49,641.63,TEST0856,No,29.62,Low,Contract_Month-to-month is higher than average; InternetService_DSL is higher than average; Contract_Two year is lower than average,Encourage long-term contract
TEST0857,Female,0,Yes,No,22,Yes,No,No,No internet service,No internet service,No internet service,No internet service,No internet service,No internet service,One year,No,Electronic check,31.02,686.89,TEST0857,No,7.14,Low,Contract_Month-to-month is lower than average; Contract_Two year is lower than average; PaymentMethod_Electronic check is higher than average,Encourage long-term contract
TEST0858,Female,0,Yes,No,18,Yes,No,Fiber optic,Yes,Yes,No,No,No,No,Two year,No,Bank transfer (automatic),92.8,1648.17,TEST0858,No,8.85,Low,Contract_Two year is higher than average; Contract_Month-to-month is lower than average; InternetService_Fiber optic is higher than average,Encourage long-term contract
TEST0859,Female,0,No,No,1,Yes,Yes,DSL,No,Yes,No,No,No,No,Month-to-month,No,Credit card (automatic),57.31,65.3,TEST0859,No,36.09,Low,Contract_Month-to-month is higher than average; InternetService_DSL is higher than average; Contract_Two year is lower than average,Encourage long-term contract
TEST0860,Female,1,Yes,No,45,Yes,No,DSL,No,Yes,No,Yes,No,Yes,Two year,Yes,Bank transfer (automatic),72.03,3207.1,TEST0860,No,3.66,Low,Contract_Two year is higher than average; Contract_Month-to-month is lower than average; InternetService_DSL is higher than average,Encourage long-term contract
TEST0861,Male,0,No,No,27,No,No phone service,DSL,Yes,Yes,No,No,Yes,No,Month-to-month,Yes,Bank transfer (automatic),60.65,1636.74,TEST0861,No,25.09,Low,PhoneService_Yes is lower than average; Contract_Month-to-month is higher than average; InternetService_DSL is higher than average,Contact customer proactively
TEST0862,Male,0,No,No,35,Yes,No,Fiber optic,No,Yes,No,Yes,Yes,Yes,Month-to-month,Yes,Electronic check,99.03,3470.54,TEST0862,No,43.36,Medium,Contract_Month-to-month is higher than average; Contract_Two year is lower than average; InternetService_Fiber optic is higher than average,Encourage long-term contract
TEST0863,Male,0,No,No,11,Yes,Yes,Fiber optic,No,Yes,Yes,Yes,No,Yes,One year,Yes,Credit card (automatic),99.51,1106.38,TEST0863,No,34.48,Low,Contract_Month-to-month is lower than average; Contract_Two year is lower than average; InternetService_Fiber optic is higher than average,Encourage long-term contract
TEST0864,Female,0,No,No,21,Yes,Yes,Fiber optic,No,No,No,No,Yes,No,One year,Yes,Mailed check,85.31,1807.67,TEST0864,No,40.69,Medium,Contract_Month-to-month is lower than average; Contract_Two year is lower than average; InternetService_Fiber optic is higher than average,Encourage long-term contract
TEST0865,Male,0,Yes,No,19,Yes,Yes,Fiber optic,No,Yes,No,No,No,Yes,Month-to-month,Yes,Mailed check,91.71,1740.28,TEST0865,Yes,56.67,Medium,Contract_Month-to-month is higher than average; Contract_Two year is lower than average; InternetService_Fiber optic is higher than average,Encourage long-term contract
TEST0866,Female,0,Yes,No,15,Yes,Yes,DSL,No,No,Yes,No,Yes,Yes,Month-to-month,Yes,Credit card (automatic),62.61,929.53,TEST0866,No,46.32,Medium,Contract_Month-to-month is higher than average; InternetService_DSL is higher than average; Contract_Two year is lower than average,Encourage long-term contract
TEST0867,Male,0,Yes,Yes,1,Yes,Yes,Fiber optic,No,Yes,No,No,Yes,Yes,Month-to-month,No,Bank transfer (automatic),103.14,120.07,TEST0867,Yes,61.97,Medium,Contract_Month-to-month is higher than average; Contract_Two year is lower than average; InternetService_Fiber optic is higher than average,Encourage long-term contract
TEST0868,Female,0,Yes,Yes,1,Yes,No,Fiber optic,Yes,Yes,No,Yes,No,No,Month-to-month,Yes,Mailed check,92.93,100.76,TEST0868,No,34.33,Low,Contract_Month-to-month is higher than average; Contract_Two year is lower than average; InternetService_Fiber optic is higher than average,Encourage long-term contract
TEST0869,Female,0,Yes,Yes,4,Yes,No,DSL,Yes,No,Yes,No,No,No,Month-to-month,Yes,Bank transfer (automatic),58.54,233.43,TEST0869,No,28.45,Low,Contract_Month-to-month is higher than average; InternetService_DSL is higher than average; Contract_Two year is lower than average,Encourage long-term contract
TEST0870,Male,0,Yes,No,34,Yes,Yes,No,No internet service,No internet service,No internet service,No internet service,No internet service,No internet service,One year,No,Electronic check,23.98,853.51,TEST0870,No,4.7,Low,Contract_Month-to-month is lower than average; Contract_Two year is lower than average; PaymentMethod_Electronic check is higher than average,Encourage long-term contract
TEST0871,Female,0,Yes,Yes,43,Yes,Yes,No,No internet service,No internet service,No internet service,No internet service,No internet service,No internet service,One year,No,Electronic check,31.85,1335.62,TEST0871,No,2.96,Low,Contract_Month-to-month is lower than average; Contract_Two year is lower than average; PaymentMethod_Electronic check is higher than average,Encourage long-term contract
TEST0872,Male,0,No,No,2,Yes,Yes,Fiber optic,No,Yes,No,No,No,No,Month-to-month,Yes,Credit card (automatic),90.83,193.76,TEST0872,Yes,59.96,Medium,Contract_Month-to-month is higher than average; Contract_Two year is lower than average; InternetService_Fiber optic is higher than average,Encourage long-term contract
TEST0873,Male,0,Yes,No,9,Yes,No,Fiber optic,No,No,No,Yes,No,No,One year,No,Electronic check,82.92,758.54,TEST0873,No,31.93,Low,Contract_Month-to-month is lower than average; Contract_Two year is lower than average; InternetService_Fiber optic is higher than average,Encourage long-term contract
TEST0874,Female,0,No,No,33,Yes,No,Fiber optic,No,Yes,No,No,No,No,Month-to-month,Yes,Bank transfer (automatic),88.14,2918.45,TEST0874,No,34.77,Low,Contract_Month-to-month is higher than average; Contract_Two year is lower than average; InternetService_Fiber optic is higher than average,Encourage long-term contract
TEST0875,Male,1,Yes,No,11,Yes,No,DSL,No,Yes,No,Yes,No,Yes,Month-to-month,No,Credit card (automatic),67.82,748.57,TEST0875,No,24.5,Low,Contract_Month-to-month is higher than average; InternetService_DSL is higher than average; Contract_Two year is lower than average,Encourage long-term contract
TEST0876,Female,1,No,Yes,72,Yes,Yes,DSL,Yes,No,Yes,Yes,No,No,Two year,No,Electronic check,61.63,4433.73,TEST0876,No,0.68,Low,Contract_Two year is higher than average; Contract_Month-to-month is lower than average; InternetService_DSL is higher than average,Encourage long-term contract
TEST0877,Female,0,No,No,7,Yes,No,DSL,No,No,Yes,No,Yes,Yes,Month-to-month,Yes,Electronic check,67.89,476.27,TEST0877,Yes,56.9,Medium,Contract_Month-to-month is higher than average; InternetService_DSL is higher than average; Contract_Two year is lower than average,Encourage long-term contract
TEST0878,Male,0,No,No,60,Yes,No,Fiber optic,No,Yes,Yes,No,Yes,Yes,Month-to-month,No,Electronic check,103.03,6179.55,TEST0878,No,29.5,Low,Contract_Month-to-month is higher than average; Contract_Two year is lower than average; InternetService_Fiber optic is higher than average,Encourage long-term contract
TEST0879,Female,0,Yes,No,37,Yes,No,Fiber optic,No,No,No,Yes,No,No,Two year,No,Bank transfer (automatic),89.95,3349.87,TEST0879,No,6.84,Low,Contract_Two year is higher than average; Contract_Month-to-month is lower than average; InternetService_Fiber optic is higher than average,Encourage long-term contract
TEST0880,Male,0,Yes,No,60,Yes,Yes,No,No internet service,No internet service,No internet service,No internet service,No internet service,No internet service,Two year,No,Bank transfer (automatic),19.44,1169.52,TEST0880,No,0.41,Low,Contract_Two year is higher than average; Contract_Month-to-month is lower than average; InternetService_Fiber optic is lower than average,Encourage long-term contract
TEST0881,Female,0,Yes,No,46,Yes,No,Fiber optic,Yes,Yes,No,Yes,Yes,Yes,Month-to-month,Yes,Electronic check,106.66,4923.7,TEST0881,No,30.99,Low,Contract_Month-to-month is higher than average; Contract_Two year is lower than average; InternetService_Fiber optic is higher than average,Encourage long-term contract
TEST0882,Male,0,No,No,19,Yes,Yes,No,No internet service,No internet service,No internet service,No internet service,No internet service,No internet service,Month-to-month,No,Credit card (automatic),22.62,453.16,TEST0882,No,11.04,Low,Contract_Month-to-month is higher than average; Contract_Two year is lower than average; PaymentMethod_Credit card (automatic) is higher than average,Encourage long-term contract
TEST0883,Male,0,Yes,No,72,Yes,No,Fiber optic,No,No,No,Yes,Yes,No,Two year,Yes,Electronic check,93.65,6742.75,TEST0883,No,5.71,Low,Contract_Two year is higher than average; Contract_Month-to-month is lower than average; InternetService_Fiber optic is higher than average,Encourage long-term contract
TEST0884,Female,0,Yes,No,48,Yes,No,Fiber optic,Yes,No,Yes,Yes,No,No,Two year,No,Bank transfer (automatic),97.39,4682.92,TEST0884,No,3.44,Low,Contract_Two year is higher than average; Contract_Month-to-month is lower than average; InternetService_Fiber optic is higher than average,Encourage long-term contract
TEST0885,Male,0,Yes,No,10,Yes,No,Fiber optic,Yes,Yes,Yes,Yes,Yes,Yes,Month-to-month,Yes,Credit card (automatic),118.31,1210.56,TEST0885,No,40.27,Medium,Contract_Month-to-month is higher than average; Contract_Two year is lower than average; InternetService_Fiber optic is higher than average,Encourage long-term contract
TEST0886,Male,0,Yes,No,39,Yes,Yes,DSL,No,No,No,No,No,No,Two year,No,Mailed check,51.44,1985.79,TEST0886,No,3.46,Low,Contract_Two year is higher than average; Contract_Month-to-month is lower than average; InternetService_DSL is higher than average,Encourage long-term contract
TEST0887,Female,0,Yes,No,0,Yes,No,DSL,No,Yes,No,No,No,Yes,Two year,No,Electronic check,60.63,60.63,TEST0887,No,18.74,Low,Contract_Two year is higher than average; Contract_Month-to-month is lower than average; InternetService_DSL is higher than average,Encourage long-term contract
TEST0888,Female,0,No,No,2,Yes,No,DSL,Yes,No,Yes,No,No,No,Month-to-month,Yes,Electronic check,64.43,141.65,TEST0888,No,39.88,Low,Contract_Month-to-month is higher than average; InternetService_DSL is higher than average; Contract_Two year is lower than average,Encourage long-term contract
TEST0889,Male,1,No,No,6,Yes,Yes,Fiber optic,No,No,No,No,Yes,No,One year,Yes,Electronic check,80.04,479.9,TEST0889,Yes,63.15,Medium,Contract_Month-to-month is lower than average; Contract_Two year is lower than average; InternetService_Fiber optic is higher than average,Encourage long-term contract
TEST0890,Male,0,Yes,No,9,Yes,No,No,No internet service,No internet service,No internet service,No internet service,No internet service,No internet service,Month-to-month,No,Electronic check,26.09,216.75,TEST0890,No,20.26,Low,Contract_Month-to-month is higher than average; Contract_Two year is lower than average; PaymentMethod_Electronic check is higher than average,Encourage long-term contract
TEST0891,Female,0,Yes,No,6,No,No phone service,Fiber optic,No,No,No,No,No,Yes,Month-to-month,No,Electronic check,75.56,481.99,TEST0891,Yes,78.76,High,PhoneService_Yes is lower than average; Contract_Month-to-month is higher than average; Contract_Two year is lower than average,Contact customer proactively
TEST0892,Male,0,No,No,5,Yes,No,Fiber optic,No,Yes,Yes,No,No,No,Month-to-month,Yes,Bank transfer (automatic),87.65,418.6,TEST0892,Yes,52.53,Medium,Contract_Month-to-month is higher than average; Contract_Two year is lower than average; InternetService_Fiber optic is higher than average,Encourage long-term contract
TEST0893,Female,1,No,No,14,Yes,No,DSL,No,No,No,No,No,Yes,One year,Yes,Mailed check,49.9,697.7,TEST0893,No,26.86,Low,Contract_Month-to-month is lower than average; InternetService_DSL is higher than average; Contract_Two year is lower than average,Encourage long-term contract
TEST0894,Male,0,No,Yes,43,Yes,No,Fiber optic,No,Yes,Yes,No,No,No,Month-to-month,Yes,Electronic check,94.03,4032.41,TEST0894,No,30.97,Low,Contract_Month-to-month is higher than average; Contract_Two year is lower than average; InternetService_Fiber optic is higher than average,Encourage long-term contract
TEST0895,Male,0,Yes,Yes,72,Yes,Yes,Fiber optic,Yes,No,No,No,No,No,Month-to-month,No,Mailed check,84.87,6120.2,TEST0895,No,8.16,Low,Contract_Month-to-month is higher than average; Contract_Two year is lower than average; InternetService_Fiber optic is higher than average,Encourage long-term contract
TEST0896,Male,0,No,No,40,Yes,No,No,No internet service,No internet service,No internet service,No internet service,No internet service,No internet service,One year,No,Electronic check,27.96,1128.45,TEST0896,No,2.76,Low,Contract_Month-to-month is lower than average; Contract_Two year is lower than average; PaymentMethod_Electronic check is higher than average,Encourage long-term contract
TEST0897,Male,0,Yes,No,19,Yes,Yes,Fiber optic,Yes,No,No,Yes,No,Yes,One year,No,Electronic check,96.23,1838.99,TEST0897,No,27.7,Low,Contract_Month-to-month is lower than average; Contract_Two year is lower than average; InternetService_Fiber optic is higher than average,Encourage long-term contract
TEST0898,Female,0,Yes,Yes,21,Yes,Yes,No,No internet service,No internet service,No internet service,No internet service,No internet service,No internet service,Month-to-month,No,Electronic check,22.23,486.18,TEST0898,No,13.64,Low,Contract_Month-to-month is higher than average; Contract_Two year is lower than average; PaymentMethod_Electronic check is higher than average,Encourage long-term contract
TEST0899,Female,0,No,No,51,Yes,No,DSL,No,No,Yes,No,Yes,Yes,One year,Yes,Bank transfer (automatic),64.42,3286.62,TEST0899,No,8.84,Low,Contract_Month-to-month is lower than average; InternetService_DSL is higher than average; Contract_Two year is lower than average,Encourage long-term contract
TEST0900,Female,0,Yes,No,29,No,No phone service,Fiber optic,No,No,No,Yes,Yes,Yes,One year,No,Electronic check,94.59,2739.83,TEST0900,No,45.53,Medium,Contract_Month-to-month is lower than average; PhoneService_Yes is lower than average; Contract_Two year is lower than average,Encourage long-term contract
TEST0901,Male,1,No,No,52,Yes,Yes,No,No internet service,No internet service,No internet service,No internet service,No internet service,No internet service,Two year,No,Credit card (automatic),33.0,1706.14,TEST0901,No,0.77,Low,Contract_Two year is higher than average; Contract_Month-to-month is lower than average; SeniorCitizen is higher than average,Encourage long-term contract
TEST0902,Male,0,Yes,No,2,Yes,No,No,No internet service,No internet service,No internet service,No internet service,No internet service,No internet service,Month-to-month,No,Bank transfer (automatic),26.18,42.66,TEST0902,No,20.68,Low,Contract_Month-to-month is higher than average; Contract_Two year is lower than average; InternetService_Fiber optic is lower than average,Encourage long-term contract
TEST0903,Female,0,Yes,No,9,Yes,Yes,DSL,No,No,Yes,No,No,Yes,Month-to-month,No,Bank transfer (automatic),63.92,556.48,TEST0903,No,41.81,Medium,Contract_Month-to-month is higher than average; InternetService_DSL is higher than average; Contract_Two year is lower than average,Encourage long-term contract
TEST0904,Male,0,No,No,13,Yes,Yes,No,No internet service,No internet service,No internet service,No internet service,No internet service,No internet service,Two year,Yes,Electronic check,25.55,323.68,TEST0904,No,7.75,Low,Contract_Two year is higher than average; Contract_Month-to-month is lower than average; PaymentMethod_Electronic check is higher than average,Encourage long-term contract
TEST0905,Female,1,No,No,11,No,No phone service,DSL,Yes,Yes,No,No,Yes,No,One year,Yes,Bank transfer (automatic),59.81,651.8,TEST0905,No,28.49,Low,Contract_Month-to-month is lower than average; PhoneService_Yes is lower than average; InternetService_DSL is higher than average,Encourage long-term contract
TEST0906,Female,0,Yes,Yes,38,Yes,No,Fiber optic,No,No,No,No,Yes,Yes,Month-to-month,Yes,Bank transfer (automatic),88.83,3381.88,TEST0906,No,43.41,Medium,Contract_Month-to-month is higher than average; Contract_Two year is lower than average; InternetService_Fiber optic is higher than average,Encourage long-term contract
TEST0907,Female,0,No,No,6,Yes,Yes,DSL,Yes,No,Yes,No,Yes,Yes,One year,Yes,Electronic check,72.02,439.07,TEST0907,No,36.75,Low,Contract_Month-to-month is lower than average; InternetService_DSL is higher than average; Contract_Two year is lower than average,Encourage long-term contract
TEST0908,Male,1,Yes,Yes,0,Yes,No,Fiber optic,No,Yes,Yes,Yes,Yes,Yes,Month-to-month,Yes,Electronic check,104.41,104.41,TEST0908,Yes,66.72,Medium,Contract_Month-to-month is higher than average; Contract_Two year is lower than average; InternetService_Fiber optic is higher than average,Encourage long-term contract
TEST0909,Male,0,Yes,Yes,10,Yes,No,Fiber optic,No,No,No,Yes,No,Yes,Month-to-month,No,Mailed check,93.61,933.35,TEST0909,No,40.62,Medium,Contract_Month-to-month is higher than average; Contract_Two year is lower than average; InternetService_Fiber optic is higher than average,Encourage long-term contract
TEST0910,Male,0,No,No,5,Yes,No,Fiber optic,No,Yes,No,No,Yes,No,One year,No,Credit card (automatic),100.36,497.88,TEST0910,No,32.29,Low,Contract_Month-to-month is lower than average; Contract_Two year is lower than average; InternetService_Fiber optic is higher than average,Encourage long-term contract
TEST0911,Male,0,No,Yes,72,Yes,Yes,Fiber optic,Yes,Yes,Yes,No,Yes,No,Two year,No,Bank transfer (automatic),101.84,7321.02,TEST0911,No,2.67,Low,Contract_Two year is higher than average; Contract_Month-to-month is lower than average; InternetService_Fiber optic is higher than average,Encourage long-term contract
TEST0912,Female,0,No,No,27,Yes,No,No,No internet service,No internet service,No internet service,No internet service,No internet service,No internet service,Month-to-month,Yes,Electronic check,23.72,645.66,TEST0912,No,12.65,Low,Contract_Month-to-month is higher than average; Contract_Two year is lower than average; PaymentMethod_Electronic check is higher than average,Encourage long-term contract
TEST0913,Female,0,Yes,No,60,Yes,No,DSL,Yes,No,No,Yes,Yes,No,One year,Yes,Mailed check,64.93,3894.43,TEST0913,No,2.45,Low,Contract_Month-to-month is lower than average; InternetService_DSL is higher than average; Contract_Two year is lower than average,Encourage long-term contract
TEST0914,Female,1,Yes,No,4,Yes,No,No,No internet service,No internet service,No internet service,No internet service,No internet service,No internet service,One year,No,Mailed check,23.25,110.05,TEST0914,No,12.88,Low,Contract_Month-to-month is lower than average; Contract_Two year is lower than average; SeniorCitizen is higher than average,Encourage long-term contract
TEST0915,Female,0,Yes,No,41,No,No phone service,DSL,No,No,No,No,No,No,One year,No,Mailed check,41.64,1697.95,TEST0915,No,9.25,Low,Contract_Month-to-month is lower than average; PhoneService_Yes is lower than average; InternetService_DSL is higher than average,Encourage long-term contract
TEST0916,Male,0,No,No,1,Yes,Yes,No,No internet service,No internet service,No internet service,No internet service,No internet service,No internet service,Month-to-month,Yes,Credit card (automatic),22.68,22.68,TEST0916,No,29.8,Low,Contract_Month-to-month is higher than average; Contract_Two year is lower than average; PaymentMethod_Credit card (automatic) is higher than average,Encourage long-term contract
TEST0917,Female,0,No,Yes,25,Yes,No,DSL,Yes,Yes,No,Yes,Yes,No,Two year,No,Credit card (automatic),74.04,1827.69,TEST0917,No,1.97,Low,Contract_Two year is higher than average; Contract_Month-to-month is lower than average; InternetService_DSL is higher than average,Encourage long-term contract
TEST0918,Male,0,No,Yes,47,Yes,No,No,No internet service,No internet service,No internet service,No internet service,No internet service,No internet service,Month-to-month,Yes,Bank transfer (automatic),21.32,1004.45,TEST0918,No,2.95,Low,Contract_Month-to-month is higher than average; Contract_Two year is lower than average; InternetService_Fiber optic is lower than average,Encourage long-term contract
TEST0919,Female,1,Yes,No,0,Yes,No,Fiber optic,No,Yes,No,No,Yes,No,Month-to-month,No,Electronic check,97.46,97.46,TEST0919,Yes,67.63,Medium,Contract_Month-to-month is higher than average; Contract_Two year is lower than average; InternetService_Fiber optic is higher than average,Encourage long-term contract
TEST0920,Female,0,Yes,No,72,Yes,No,DSL,Yes,Yes,No,Yes,No,Yes,One year,No,Bank transfer (automatic),73.02,5275.34,TEST0920,No,1.28,Low,Contract_Month-to-month is lower than average; InternetService_DSL is higher than average; Contract_Two year is lower than average,Encourage long-term contract
TEST0921,Male,0,No,No,40,Yes,No,DSL,No,No,Yes,Yes,No,No,Two year,Yes,Mailed check,62.95,2503.23,TEST0921,No,2.64,Low,Contract_Two year is higher than average; Contract_Month-to-month is lower than average; InternetService_DSL is higher than average,Encourage long-term contract
TEST0922,Female,0,No,Yes,4,Yes,Yes,DSL,No,No,No,No,Yes,Yes,Month-to-month,No,Bank transfer (automatic),58.51,214.04,TEST0922,No,45.95,Medium,Contract_Month-to-month is higher than average; InternetService_DSL is higher than average; Contract_Two year is lower than average,Encourage long-term contract
TEST0923,Female,0,No,No,30,Yes,Yes,Fiber optic,Yes,No,No,Yes,No,Yes,Month-to-month,Yes,Credit card (automatic),89.44,2667.84,TEST0923,No,32.01,Low,Contract_Month-to-month is higher than average; Contract_Two year is lower than average; InternetService_Fiber optic is higher than average,Encourage long-term contract
TEST0924,Male,1,Yes,Yes,36,Yes,Yes,No,No internet service,No internet service,No internet service,No internet service,No internet service,No internet service,Two year,Yes,Mailed check,27.8,975.67,TEST0924,No,1.99,Low,Contract_Two year is higher than average; Contract_Month-to-month is lower than average; SeniorCitizen is higher than average,Encourage long-term contract
TEST0925,Male,0,Yes,No,36,Yes,No,DSL,Yes,Yes,No,No,Yes,Yes,Two year,Yes,Electronic check,68.55,2457.14,TEST0925,No,5.73,Low,Contract_Two year is higher than average; Contract_Month-to-month is lower than average; InternetService_DSL is higher than average,Encourage long-term contract
TEST0926,Male,1,Yes,No,14,Yes,Yes,No,No internet service,No internet service,No internet service,No internet service,No internet service,No internet service,Two year,Yes,Electronic check,26.69,361.29,TEST0926,No,9.04,Low,Contract_Two year is higher than average; Contract_Month-to-month is lower than average; SeniorCitizen is higher than average,Encourage long-term contract
TEST0927,Male,0,Yes,No,10,Yes,Yes,No,No internet service,No internet service,No internet service,No internet service,No internet service,No internet service,Month-to-month,No,Bank transfer (automatic),20.32,205.18,TEST0927,No,18.08,Low,Contract_Month-to-month is higher than average; Contract_Two year is lower than average; InternetService_Fiber optic is lower than average,Encourage long-term contract
TEST0928,Female,0,No,No,6,No,No phone service,No,No internet service,No internet service,No internet service,No internet service,No internet service,No internet service,Month-to-month,No,Electronic check,18.0,127.03,TEST0928,No,35.87,Low,PhoneService_Yes is lower than average; Contract_Month-to-month is higher than average; Contract_Two year is lower than average,Contact customer proactively
TEST0929,Male,0,Yes,No,2,Yes,No,DSL,No,No,No,No,No,Yes,Month-to-month,Yes,Credit card (automatic),54.79,85.41,TEST0929,No,48.5,Medium,Contract_Month-to-month is higher than average; InternetService_DSL is higher than average; Contract_Two year is lower than average,Encourage long-term contract
TEST0930,Male,0,Yes,Yes,30,Yes,No,Fiber optic,Yes,No,No,No,No,No,Month-to-month,Yes,Mailed check,77.23,2300.02,TEST0930,No,25.01,Low,Contract_Month-to-month is higher than average; Contract_Two year is lower than average; InternetService_Fiber optic is higher than average,Encourage long-term contract
TEST0931,Male,1,Yes,No,11,Yes,No,Fiber optic,No,Yes,Yes,Yes,No,Yes,Month-to-month,No,Bank transfer (automatic),96.12,1083.68,TEST0931,No,43.1,Medium,Contract_Month-to-month is higher than average; Contract_Two year is lower than average; InternetService_Fiber optic is higher than average,Encourage long-term contract
TEST0932,Male,1,No,No,9,Yes,No,No,No internet service,No internet service,No internet service,No internet service,No internet service,No internet service,Month-to-month,No,Electronic check,25.65,208.83,TEST0932,No,21.95,Low,Contract_Month-to-month is higher than average; Contract_Two year is lower than average; SeniorCitizen is higher than average,Encourage long-term contract
TEST0933,Female,0,No,No,30,Yes,No,Fiber optic,No,No,No,No,Yes,No,One year,No,Electronic check,88.7,2642.85,TEST0933,No,29.94,Low,Contract_Month-to-month is lower than average; Contract_Two year is lower than average; InternetService_Fiber optic is higher than average,Encourage long-term contract
TEST0934,Male,0,Yes,No,11,Yes,No,Fiber optic,Yes,Yes,Yes,No,No,No,Month-to-month,Yes,Electronic check,85.3,939.67,TEST0934,No,46.0,Medium,Contract_Month-to-month is higher than average; Contract_Two year is lower than average; InternetService_Fiber optic is higher than average,Encourage long-term contract
TEST0935,Male,0,Yes,No,38,Yes,Yes,No,No internet service,No internet service,No internet service,No internet service,No internet service,No internet service,One year,No,Mailed check,26.66,1024.22,TEST0935,No,2.81,Low,Contract_Month-to-month is lower than average; Contract_Two year is lower than average; InternetService_Fiber optic is lower than average,Encourage long-term contract
TEST0936,Male,0,No,No,63,Yes,No,DSL,Yes,No,Yes,Yes,No,No,Two year,Yes,Mailed check,62.39,3933.13,TEST0936,No,0.71,Low,Contract_Two year is higher than average; Contract_Month-to-month is lower than average; InternetService_DSL is higher than average,Encourage long-term contract
TEST0937,Female,0,No,No,13,Yes,No,Fiber optic,Yes,Yes,No,No,Yes,Yes,One year,No,Mailed check,100.89,1326.18,TEST0937,No,26.05,Low,Contract_Month-to-month is lower than average; Contract_Two year is lower than average; InternetService_Fiber optic is higher than average,Encourage long-term contract
TEST0938,Male,0,No,No,12,Yes,Yes,DSL,Yes,No,No,No,Yes,No,One year,Yes,Credit card (automatic),56.31,695.29,TEST0938,No,18.76,Low,Contract_Month-to-month is lower than average; InternetService_DSL is higher than average; Contract_Two year is lower than average,Encourage long-term contract
TEST0939,Male,0,Yes,No,15,Yes,Yes,No,No internet service,No internet service,No internet service,No internet service,No internet service,No internet service,Month-to-month,No,Mailed check,31.11,453.64,TEST0939,No,14.65,Low,Contract_Month-to-month is higher than average; Contract_Two year is lower than average; InternetService_Fiber optic is lower than average,Encourage long-term contract
TEST0940,Female,0,Yes,No,54,Yes,Yes,Fiber optic,No,Yes,No,No,No,No,One year,No,Bank transfer (automatic),82.04,4449.29,TEST0940,No,11.46,Low,Contract_Month-to-month is lower than average; Contract_Two year is lower than average; InternetService_Fiber optic is higher than average,Encourage long-term contract
TEST0941,Male,1,No,No,1,Yes,Yes,DSL,No,No,No,No,No,No,Month-to-month,Yes,Credit card (automatic),51.38,54.11,TEST0941,Yes,51.75,Medium,Contract_Month-to-month is higher than average; InternetService_DSL is higher than average; Contract_Two year is lower than average,Encourage long-term contract
TEST0942,Male,0,Yes,Yes,4,Yes,Yes,No,No internet service,No internet service,No internet service,No internet service,No internet service,No internet service,One year,No,Credit card (automatic),29.46,113.43,TEST0942,No,10.97,Low,Contract_Month-to-month is lower than average; Contract_Two year is lower than average; PaymentMethod_Credit card (automatic) is higher than average,Encourage long-term contract
TEST0943,Female,0,No,No,4,No,No phone service,Fiber optic,Yes,Yes,Yes,No,No,Yes,Month-to-month,No,Credit card (automatic),100.08,438.56,TEST0943,Yes,56.01,Medium,PhoneService_Yes is lower than average; Contract_Month-to-month is higher than average; Contract_Two year is lower than average,Contact customer proactively
TEST0944,Female,0,Yes,No,8,Yes,No,DSL,Yes,Yes,No,No,Yes,No,Month-to-month,Yes,Mailed check,67.63,542.39,TEST0944,No,28.33,Low,Contract_Month-to-month is higher than average; InternetService_DSL is higher than average; Contract_Two year is lower than average,Encourage long-term contract
TEST0945,Female,0,Yes,Yes,23,No,No phone service,DSL,No,No,No,No,Yes,No,Month-to-month,Yes,Credit card (automatic),47.62,1094.29,TEST0945,No,37.45,Low,PhoneService_Yes is lower than average; Contract_Month-to-month is higher than average; InternetService_DSL is higher than average,Contact customer proactively
TEST0946,Female,0,No,No,5,Yes,No,Fiber optic,No,No,No,No,No,No,Month-to-month,Yes,Electronic check,82.14,417.55,TEST0946,Yes,67.26,Medium,Contract_Month-to-month is higher than average; Contract_Two year is lower than average; InternetService_Fiber optic is higher than average,Encourage long-term contract
TEST0947,Male,0,No,No,19,No,No phone service,No,No internet service,No internet service,No internet service,No internet service,No internet service,No internet service,Two year,Yes,Bank transfer (automatic),21.8,420.39,TEST0947,No,6.31,Low,Contract_Two year is higher than average; Contract_Month-to-month is lower than average; PhoneService_Yes is lower than average,Encourage long-term contract
TEST0948,Male,0,No,No,22,Yes,Yes,Fiber optic,No,No,No,No,No,Yes,One year,Yes,Electronic check,81.23,1781.62,TEST0948,No,49.23,Medium,Contract_Month-to-month is lower than average; Contract_Two year is lower than average; InternetService_Fiber optic is higher than average,Encourage long-term contract
TEST0949,Male,1,No,Yes,12,Yes,No,DSL,No,Yes,Yes,No,Yes,No,Two year,Yes,Mailed check,64.35,765.68,TEST0949,No,9.81,Low,Contract_Two year is higher than average; Contract_Month-to-month is lower than average; InternetService_DSL is higher than average,Encourage long-term contract
TEST0950,Male,0,No,Yes,16,Yes,No,Fiber optic,No,Yes,No,Yes,Yes,Yes,Month-to-month,Yes,Credit card (automatic),98.79,1609.78,TEST0950,No,42.03,Medium,Contract_Month-to-month is higher than average; Contract_Two year is lower than average; InternetService_Fiber optic is higher than average,Encourage long-term contract
TEST0951,Female,0,Yes,No,29,Yes,Yes,DSL,Yes,Yes,No,Yes,No,Yes,Month-to-month,Yes,Credit card (automatic),62.23,1791.18,TEST0951,No,13.95,Low,Contract_Month-to-month is higher than average; InternetService_DSL is higher than average; Contract_Two year is lower than average,Encourage long-term contract
TEST0952,Female,0,No,No,4,Yes,Yes,No,No internet service,No internet service,No internet service,No internet service,No internet service,No internet service,Month-to-month,No,Mailed check,24.85,113.27,TEST0952,No,22.42,Low,Contract_Month-to-month is higher than average; Contract_Two year is lower than average; InternetService_Fiber optic is lower than average,Encourage long-term contract
TEST0953,Female,0,No,No,8,Yes,Yes,Fiber optic,Yes,No,No,No,Yes,No,One year,No,Credit card (automatic),90.64,706.09,TEST0953,No,30.74,Low,Contract_Month-to-month is lower than average; Contract_Two year is lower than average; InternetService_Fiber optic is higher than average,Encourage long-term contract
TEST0954,Male,0,No,No,10,Yes,Yes,DSL,Yes,Yes,No,No,No,No,Month-to-month,Yes,Electronic check,58.6,592.46,TEST0954,No,33.39,Low,Contract_Month-to-month is higher than average; InternetService_DSL is higher than average; Contract_Two year is lower than average,Encourage long-term contract
TEST0955,Female,0,No,No,23,Yes,No,Fiber optic,No,No,No,No,No,No,One year,No,Bank transfer (automatic),81.51,1869.07,TEST0955,No,23.82,Low,Contract_Month-to-month is lower than average; Contract_Two year is lower than average; InternetService_Fiber optic is higher than average,Encourage long-term contract
TEST0956,Female,0,Yes,No,7,Yes,Yes,Fiber optic,No,No,No,Yes,No,Yes,One year,No,Bank transfer (automatic),99.3,691.66,TEST0956,No,39.12,Low,Contract_Month-to-month is lower than average; Contract_Two year is lower than average; InternetService_Fiber optic is higher than average,Encourage long-term contract
TEST0957,Male,0,Yes,No,17,Yes,No,Fiber optic,No,No,No,Yes,No,No,One year,Yes,Credit card (automatic),78.74,1333.74,TEST0957,No,24.95,Low,Contract_Month-to-month is lower than average; Contract_Two year is lower than average; InternetService_Fiber optic is higher than average,Encourage long-term contract
TEST0958,Male,0,Yes,Yes,11,Yes,No,Fiber optic,No,Yes,Yes,No,No,No,Month-to-month,Yes,Bank transfer (automatic),103.39,1137.72,TEST0958,No,46.64,Medium,Contract_Month-to-month is higher than average; Contract_Two year is lower than average; InternetService_Fiber optic is higher than average,Encourage long-term contract
TEST0959,Male,0,Yes,No,5,Yes,Yes,No,No internet service,No internet service,No internet service,No internet service,No internet service,No internet service,Month-to-month,Yes,Credit card (automatic),25.86,133.26,TEST0959,No,26.95,Low,Contract_Month-to-month is higher than average; Contract_Two year is lower than average; PaymentMethod_Credit card (automatic) is higher than average,Encourage long-term contract
TEST0960,Female,0,Yes,No,27,Yes,No,No,No internet service,No internet service,No internet service,No internet service,No internet service,No internet service,One year,Yes,Electronic check,30.6,828.16,TEST0960,No,7.8,Low,Contract_Month-to-month is lower than average; Contract_Two year is lower than average; PaymentMethod_Electronic check is higher than average,Encourage long-term contract
TEST0961,Female,0,No,No,20,Yes,Yes,Fiber optic,Yes,No,No,Yes,Yes,Yes,Two year,Yes,Mailed check,98.47,1977.8,TEST0961,No,16.43,Low,Contract_Two year is higher than average; Contract_Month-to-month is lower than average; InternetService_Fiber optic is higher than average,Encourage long-term contract
TEST0962,Female,0,No,No,22,Yes,No,Fiber optic,Yes,No,No,Yes,Yes,Yes,Month-to-month,Yes,Credit card (automatic),109.42,2412.91,TEST0962,No,38.61,Low,Contract_Month-to-month is higher than average; Contract_Two year is lower than average; InternetService_Fiber optic is higher than average,Encourage long-term contract
TEST0963,Male,0,No,No,42,Yes,Yes,Fiber optic,No,No,No,No,No,No,One year,Yes,Mailed check,77.19,3266.42,TEST0963,No,20.9,Low,Contract_Month-to-month is lower than average; Contract_Two year is lower than average; InternetService_Fiber optic is higher than average,Encourage long-term contract
TEST0964,Female,0,Yes,Yes,17,Yes,No,DSL,Yes,No,No,Yes,No,No,One year,Yes,Bank transfer (automatic),60.16,1023.89,TEST0964,No,8.36,Low,Contract_Month-to-month is lower than average; InternetService_DSL is higher than average; Contract_Two year is lower than average,Encourage long-term contract
TEST0965,Female,0,Yes,No,1,Yes,Yes,Fiber optic,Yes,No,No,No,Yes,No,Month-to-month,No,Mailed check,87.17,106.9,TEST0965,Yes,53.75,Medium,Contract_Month-to-month is higher than average; Contract_Two year is lower than average; InternetService_Fiber optic is higher than average,Encourage long-term contract
TEST0966,Female,0,Yes,Yes,13,Yes,No,No,No internet service,No internet service,No internet service,No internet service,No internet service,No internet service,Month-to-month,Yes,Bank transfer (automatic),27.73,364.84,TEST0966,No,16.12,Low,Contract_Month-to-month is higher than average; Contract_Two year is lower than average; InternetService_Fiber optic is lower than average,Encourage long-term contract
TEST0967,Male,0,No,No,39,Yes,Yes,Fiber optic,No,No,No,No,No,Yes,One year,No,Credit card (automatic),85.27,3328.12,TEST0967,No,22.0,Low,Contract_Month-to-month is lower than average; Contract_Two year is lower than average; InternetService_Fiber optic is higher than average,Encourage long-term contract
TEST0968,Male,0,Yes,No,29,Yes,Yes,Fiber optic,No,No,Yes,Yes,Yes,Yes,One year,No,Mailed check,103.82,3013.32,TEST0968,No,27.59,Low,Contract_Month-to-month is lower than average; Contract_Two year is lower than average; InternetService_Fiber optic is higher than average,Encourage long-term contract
TEST0969,Male,0,Yes,Yes,52,Yes,Yes,Fiber optic,No,No,No,No,No,No,Two year,Yes,Electronic check,76.04,3947.1,TEST0969,No,9.76,Low,Contract_Two year is higher than average; Contract_Month-to-month is lower than average; InternetService_Fiber optic is higher than average,Encourage long-term contract
TEST0970,Male,0,Yes,Yes,14,Yes,Yes,No,No internet service,No internet service,No internet service,No internet service,No internet service,No internet service,One year,No,Electronic check,23.61,296.75,TEST0970,No,9.95,Low,Contract_Month-to-month is lower than average; Contract_Two year is lower than average; PaymentMethod_Electronic check is higher than average,Encourage long-term contract
TEST0971,Male,0,No,No,22,No,No phone service,Fiber optic,No,No,No,No,Yes,No,One year,No,Electronic check,88.2,1940.01,TEST0971,No,49.65,Medium,Contract_Month-to-month is lower than average; PhoneService_Yes is lower than average; Contract_Two year is lower than average,Encourage long-term contract
TEST0972,Male,0,No,No,27,Yes,Yes,Fiber optic,No,Yes,No,No,No,Yes,One year,Yes,Credit card (automatic),92.13,2476.64,TEST0972,No,33.0,Low,Contract_Month-to-month is lower than average; Contract_Two year is lower than average; InternetService_Fiber optic is higher than average,Encourage long-term contract
TEST0973,Female,0,Yes,Yes,23,Yes,Yes,DSL,Yes,No,Yes,No,Yes,Yes,Month-to-month,No,Bank transfer (automatic),71.55,1650.39,TEST0973,No,22.14,Low,Contract_Month-to-month is higher than average; InternetService_DSL is higher than average; Contract_Two year is lower than average,Encourage long-term contract
TEST0974,Female,0,No,No,52,Yes,No,No,No internet service,No internet service,No internet service,No internet service,No internet service,No internet service,One year,Yes,Credit card (automatic),26.47,1379.21,TEST0974,No,1.5,Low,Contract_Month-to-month is lower than average; Contract_Two year is lower than average; PaymentMethod_Credit card (automatic) is higher than average,Encourage long-term contract
TEST0975,Male,0,No,No,23,Yes,Yes,Fiber optic,No,Yes,No,No,Yes,Yes,Month-to-month,No,Credit card (automatic),91.78,2117.06,TEST0975,No,46.93,Medium,Contract_Month-to-month is higher than average; Contract_Two year is lower than average; InternetService_Fiber optic is higher than average,Encourage long-term contract
TEST0976,Female,0,Yes,Yes,45,Yes,No,DSL,Yes,No,No,No,No,Yes,Two year,Yes,Bank transfer (automatic),64.29,2895.16,TEST0976,No,2.75,Low,Contract_Two year is higher than average; Contract_Month-to-month is lower than average; InternetService_DSL is higher than average,Encourage long-term contract
TEST0977,Male,0,No,No,63,Yes,No,Fiber optic,No,Yes,No,No,Yes,No,One year,Yes,Credit card (automatic),91.12,5737.77,TEST0977,No,10.93,Low,Contract_Month-to-month is lower than average; Contract_Two year is lower than average; InternetService_Fiber optic is higher than average,Encourage long-term contract
TEST0978,Male,1,No,No,10,Yes,No,DSL,No,Yes,Yes,No,No,No,Month-to-month,No,Electronic check,61.6,629.16,TEST0978,No,33.46,Low,Contract_Month-to-month is higher than average; InternetService_DSL is higher than average; Contract_Two year is lower than average,Encourage long-term contract
TEST0979,Male,0,Yes,No,41,Yes,No,Fiber optic,Yes,No,No,No,No,No,Two year,Yes,Electronic check,83.82,3425.95,TEST0979,No,9.19,Low,Contract_Two year is higher than average; Contract_Month-to-month is lower than average; InternetService_Fiber optic is higher than average,Encourage long-term contract
TEST0980,Female,0,No,No,58,Yes,No,Fiber optic,No,No,No,No,Yes,Yes,One year,Yes,Electronic check,91.6,5290.07,TEST0980,No,26.13,Low,Contract_Month-to-month is lower than average; Contract_Two year is lower than average; InternetService_Fiber optic is higher than average,Encourage long-term contract
TEST0981,Female,1,Yes,No,29,Yes,Yes,Fiber optic,No,Yes,Yes,No,Yes,No,One year,Yes,Electronic check,99.43,2881.95,TEST0981,No,45.44,Medium,Contract_Month-to-month is lower than average; Contract_Two year is lower than average; InternetService_Fiber optic is higher than average,Encourage long-term contract
TEST0982,Female,0,No,No,11,Yes,No,Fiber optic,No,No,No,Yes,No,No,Month-to-month,Yes,Mailed check,90.21,1018.91,TEST0982,No,45.68,Medium,Contract_Month-to-month is higher than average; Contract_Two year is lower than average; InternetService_Fiber optic is higher than average,Encourage long-term contract
TEST0983,Female,0,Yes,Yes,20,Yes,No,Fiber optic,No,No,Yes,No,No,No,One year,No,Mailed check,79.86,1595.77,TEST0983,No,21.94,Low,Contract_Month-to-month is lower than average; Contract_Two year is lower than average; InternetService_Fiber optic is higher than average,Encourage long-term contract
TEST0984,Female,0,Yes,Yes,5,Yes,No,DSL,Yes,Yes,No,No,No,Yes,Month-to-month,Yes,Mailed check,66.92,332.43,TEST0984,No,29.27,Low,Contract_Month-to-month is higher than average; InternetService_DSL is higher than average; Contract_Two year is lower than average,Encourage long-term contract
TEST0985,Female,0,Yes,No,23,No,No phone service,Fiber optic,No,No,No,Yes,Yes,Yes,Month-to-month,No,Electronic check,85.31,1957.13,TEST0985,Yes,63.94,Medium,PhoneService_Yes is lower than average; Contract_Month-to-month is higher than average; Contract_Two year is lower than average,Contact customer proactively
TEST0986,Male,0,No,No,21,No,No phone service,DSL,No,No,No,Yes,No,No,One year,No,Bank transfer (automatic),45.99,975.51,TEST0986,No,14.08,Low,Contract_Month-to-month is lower than average; PhoneService_Yes is lower than average; InternetService_DSL is higher than average,Encourage long-term contract
TEST0987,Male,0,No,No,6,Yes,Yes,Fiber optic,No,Yes,No,No,No,Yes,Month-to-month,Yes,Electronic check,97.99,588.71,TEST0987,Yes,72.24,High,Contract_Month-to-month is higher than average; Contract_Two year is lower than average; InternetService_Fiber optic is higher than average,Encourage long-term contract
TEST0988,Male,0,No,No,33,Yes,Yes,Fiber optic,No,No,Yes,Yes,No,Yes,Month-to-month,Yes,Credit card (automatic),87.59,2896.11,TEST0988,No,37.84,Low,Contract_Month-to-month is higher than average; Contract_Two year is lower than average; InternetService_Fiber optic is higher than average,Encourage long-term contract
TEST0989,Male,0,Yes,Yes,72,Yes,No,Fiber optic,Yes,Yes,Yes,No,No,Yes,One year,No,Electronic check,96.51,6957.83,TEST0989,No,6.41,Low,Contract_Month-to-month is lower than average; Contract_Two year is lower than average; InternetService_Fiber optic is higher than average,Encourage long-term contract
TEST0990,Female,1,No,No,49,Yes,No,Fiber optic,No,No,Yes,Yes,No,Yes,Month-to-month,No,Electronic check,99.02,4827.54,TEST0990,No,31.41,Low,Contract_Month-to-month is higher than average; Contract_Two year is lower than average; InternetService_Fiber optic is higher than average,Encourage long-term contract
TEST0991,Male,1,No,No,20,Yes,No,DSL,No,Yes,Yes,No,Yes,No,Two year,No,Bank transfer (automatic),57.76,1151.21,TEST0991,No,6.37,Low,Contract_Two year is higher than average; Contract_Month-to-month is lower than average; InternetService_DSL is higher than average,Encourage long-term contract
TEST0992,Female,0,No,No,56,Yes,No,DSL,Yes,Yes,Yes,No,No,No,One year,Yes,Bank transfer (automatic),73.7,4118.96,TEST0992,No,3.12,Low,Contract_Month-to-month is lower than average; InternetService_DSL is higher than average; Contract_Two year is lower than average,Encourage long-term contract
TEST0993,Male,0,No,No,18,Yes,No,Fiber optic,No,No,No,No,Yes,No,One year,Yes,Electronic check,81.89,1486.55,TEST0993,No,44.2,Medium,Contract_Month-to-month is lower than average; Contract_Two year is lower than average; InternetService_Fiber optic is higher than average,Encourage long-term contract
TEST0994,Female,0,Yes,No,7,Yes,Yes,Fiber optic,No,Yes,No,No,Yes,No,Month-to-month,No,Bank transfer (automatic),97.06,677.47,TEST0994,Yes,56.83,Medium,Contract_Month-to-month is higher than average; Contract_Two year is lower than average; InternetService_Fiber optic is higher than average,Encourage long-term contract
TEST0995,Male,0,No,Yes,16,Yes,No,DSL,No,Yes,Yes,No,No,Yes,One year,Yes,Mailed check,65.61,1064.06,TEST0995,No,16.4,Low,Contract_Month-to-month is lower than average; InternetService_DSL is higher than average; Contract_Two year is lower than average,Encourage long-term contract
TEST0996,Female,0,Yes,Yes,6,Yes,No,Fiber optic,No,No,No,No,Yes,Yes,Two year,Yes,Electronic check,89.32,537.27,TEST0996,No,39.55,Low,Contract_Two year is higher than average; Contract_Month-to-month is lower than average; InternetService_Fiber optic is higher than average,Encourage long-term contract
TEST0997,Male,0,No,No,33,No,No phone service,Fiber optic,No,No,No,No,Yes,No,One year,Yes,Mailed check,70.53,2340.58,TEST0997,No,36.98,Low,Contract_Month-to-month is lower than average; PhoneService_Yes is lower than average; Contract_Two year is lower than average,Encourage long-term contract
TEST0998,Female,0,No,No,11,Yes,Yes,DSL,Yes,No,Yes,No,No,Yes,Month-to-month,No,Mailed check,63.75,717.72,TEST0998,No,28.01,Low,Contract_Month-to-month is higher than average; InternetService_DSL is higher than average; Contract_Two year is lower than average,Encourage long-term contract
TEST0999,Female,1,No,No,5,Yes,No,DSL,No,No,No,No,Yes,No,Month-to-month,Yes,Credit card (automatic),54.65,261.74,TEST0999,No,46.89,Medium,Contract_Month-to-month is higher than average; InternetService_DSL is higher than average; Contract_Two year is lower than average,Encourage long-term contract
TEST1000,Female,0,No,Yes,7,Yes,No,Fiber optic,No,No,Yes,Yes,No,Yes,Month-to-month,No,Mailed check,92.91,658.37,TEST1000,No,41.47,Medium,Contract_Month-to-month is higher than average; Contract_Two year is lower than average; InternetService_Fiber optic is higher than average,Encourage long-term contract
